,m,build_year,location,floor,id,market,price,price_per_m2,date_created,date_lastmod,rooms,builttype
0,,,,,,,,,,,,
1,58.31,2022,lublin,ground_floor,63181816,primary,440000,7546,2022-06-09 15:15:07,2022-07-24 15:40:59,3,block
2,,,,,,,,,,,,
3,135.67,1995,lublin,floor_2,63285644,secondary,599000,4415,2022-07-10 21:39:14,2022-07-24 14:30:41,6,block
4,71.1,2012,lublin,floor_3,63271814,secondary,680000,9564,2022-07-06 15:57:05,2022-07-24 14:32:38,3,block
5,,,,,,,,,,,,
6,58.05,2023,lublin,floor_3,62697088,primary,476010,8200,2022-01-25 12:41:08,2022-07-24 14:15:28,3,block
7,34.9,2023,lublin,floor_3,62697095,primary,296650,8500,2022-01-25 12:42:42,2022-07-24 14:15:28,2,block
8,66,1998,lublin,floor_3,63284677,secondary,590000,8939,2022-07-10 14:29:03,2022-07-24 14:31:36,3,block
9,87.1,1994,lublin,floor_4,63284638,secondary,521000,5982,2022-07-10 14:06:24,2022-07-24 14:08:40,4,block
10,34.9,2023,lublin,floor_2,62697235,primary,293160,8400,2022-01-25 12:57:04,2022-07-24 14:15:30,2,block
11,58.05,2023,lublin,floor_2,62697231,primary,470205,8100,2022-01-25 12:54:24,2022-07-24 14:15:30,3,block
12,60.53,2023,lublin,floor_3,62697069,primary,490293,8100,2022-01-25 12:38:05,2022-07-24 14:00:41,3,block
13,60.6,1984,lublin,ground_floor,63284437,secondary,497000,8201,2022-07-10 12:06:11,2022-07-24 12:14:23,4,block
14,61.1,1979,lublin,floor_4,63232287,secondary,499000,8167,2022-06-24 22:05:20,2022-06-24 22:46:26,3,block
15,38,2021,lublin,ground_floor,63186022,secondary,320000,8421,2022-06-10 14:51:48,2022-07-21 13:52:24,2,block
16,50.91,2020,lublin,ground_floor,63190508,secondary,580000,11393,2022-06-12 19:33:49,2022-07-22 19:36:32,3,block
17,,,,,,,,,,,,
18,60,2008,lublin,floor_3,63131621,secondary,459000,7650,2022-05-27 10:55:10,2022-07-09 18:36:37,3,block
19,62.8,1988,lublin,floor_4,63080948,secondary,480000,7643,2022-05-13 17:03:14,2022-07-18 20:23:16,3,block
20,52,1988,lublin,ground_floor,63133154,secondary,514800,9900,2022-05-27 14:30:07,2022-07-16 19:52:51,3,block
21,38.21,1957,lublin,floor_4,63015785,secondary,399000,10442,2022-04-25 10:52:24,2022-07-24 11:30:38,2,block
22,,,,,,,,,,,,
23,23.84,1950,lublin,ground_floor,62891123,secondary,230000,9648,2022-03-18 10:30:59,2022-07-19 14:23:19,1,tenement
24,,,,,,,,,,,,
25,70.94,2022,lublin,floor_2,62931060,primary,610000,8599,2022-03-29 17:50:44,2022-07-15 16:41:25,3,apartment
26,83,2006,lublin,floor_3,62753810,secondary,569000,6855,2022-02-09 18:20:12,2022-07-22 11:54:18,4,block
27,57.53,2015,lublin,floor_4,62575539,secondary,575000,9995,2021-12-12 16:02:06,2022-07-24 09:41:20,3,block
28,,,,,,,,,,,,
29,,,,,,,,,,,,
30,27,1967,lublin,floor_2,63131776,secondary,235000,8704,2022-05-27 11:24:19,2022-06-27 13:43:23,1,block
31,43.41,2022,lublin,ground_floor,62646533,primary,360303,8300,2022-01-11 08:53:00,2022-07-18 19:01:14,2,block
32,49.56,2001,lublin,floor_1,63032050,secondary,415000,8374,2022-04-29 07:55:05,2022-07-19 11:55:50,2,block
33,,,,,,,,,,,,
34,,,,,,,,,,,,
35,,,,,,,,,,,,
36,167,1997,lublin,floor_3,63300435,secondary,829000,4964,2022-07-14 11:45:28,2022-07-23 21:09:34,7,house
37,63,1980,lublin,floor_4,62945528,secondary,447000,7095,2022-04-02 18:45:34,2022-07-23 20:56:59,3,block
38,28,2021,lublin,ground_floor,63331788,secondary,334700,11954,2022-07-23 20:30:44,2022-07-23 20:55:21,1,apartment
39,56,2006,lublin,ground_floor,63283278,secondary,500000,8929,2022-07-09 17:42:09,2022-07-23 17:44:13,2,block
40,72.6,1935,lublin,floor_3,62694435,secondary,675000,9298,2022-01-24 16:21:07,2022-07-23 17:45:19,3,tenement
41,44.2,1974,lublin,floor_4,63331165,secondary,435000,9842,2022-07-23 11:55:25,2022-07-23 17:33:39,3,block
42,48.2,1974,lublin,floor_3,63331431,secondary,399000,8278,2022-07-23 14:55:11,2022-07-23 17:34:39,3,block
43,51,1980,lublin,floor_2,63281260,secondary,448000,8784,2022-07-08 17:27:02,2022-07-23 17:28:35,3,block
44,61,1993,lublin,floor_4,63283088,secondary,365000,5984,2022-07-09 15:06:56,2022-07-23 15:09:17,3,block
45,49,1985,lublin,floor_3,63278711,secondary,340000,6939,2022-07-08 11:13:09,2022-07-23 14:16:57,2,block
46,54.63,2014,lublin,floor_2,63225422,secondary,439000,8036,2022-06-23 11:16:00,2022-07-23 11:30:56,2,block
47,65.5,2010,lublin,ground_floor,63330870,secondary,685000,10458,2022-07-23 02:19:12,2022-07-24 11:27:38,3,apartment
48,53.03,2023,lublin,floor_3,62691483,primary,440149,8300,2022-01-24 08:36:57,2022-07-23 10:00:12,3,block
49,,,,,,,,,,,,
50,,,,,,,,,,,,
51,49.3,2022,lublin,floor_4,63278351,secondary,530000,10751,2022-07-08 09:50:10,2022-07-23 09:51:11,3,block
52,,,,,,,,,,,,
53,40.08,2024,lublin,floor_2,62759422,primary,316632,7900,2022-02-11 09:09:41,2022-07-23 10:00:56,2,block
54,,,,,,,,,,,,
55,39.76,2024,lublin,floor_2,62759421,primary,314104,7900,2022-02-11 09:09:25,2022-07-24 09:00:50,2,block
56,67.33,1964,lublin,ground_floor,62833744,secondary,484000,7188,2022-03-02 16:10:08,2022-07-09 10:10:46,3,block
57,82,1997,lublin,floor_3,62642227,secondary,535000,6524,2022-01-10 08:55:12,2022-07-09 10:15:11,4,block
58,47.8,1993,lublin,floor_1,62871427,secondary,369000,7720,2022-03-13 13:54:57,2022-07-17 18:25:27,2,block
59,63.65,1993,lublin,floor_4,62621750,secondary,475000,7463,2022-01-02 18:44:11,2022-07-22 09:08:02,3,block
60,60.2,1985,lublin,floor_3,62837480,secondary,437000,7259,2022-03-03 13:27:28,2022-07-22 15:34:43,4,block
61,53.6,2014,lublin,floor_2,62666322,secondary,520000,9701,2022-01-16 18:15:20,2022-07-22 11:16:07,3,block
62,,,,,,,,,,,,
63,63.59,2023,lublin,floor_3,62691503,primary,527797,8300,2022-01-24 08:45:50,2022-07-23 10:15:07,3,block
64,59.91,2022,lublin,floor_2,61703825,primary,509235,8500,2021-04-06 16:41:47,2022-07-18 19:02:42,3,block
65,51.73,2021,lublin,floor_4,63330762,secondary,610414,11800,2022-07-22 23:55:26,2022-07-24 09:39:34,2,apartment
66,41,1970,lublin,floor_10,63130275,secondary,379000,9244,2022-05-26 17:31:45,2022-07-19 10:16:16,2,block
67,40.69,2024,lublin,floor_2,62759423,primary,321451,7900,2022-02-11 09:09:54,2022-07-23 10:00:41,2,block
68,44,1950,lublin,floor_4,63224644,secondary,370000,8409,2022-06-23 07:25:03,2022-07-23 07:30:08,2,block
69,70.95,2020,lublin,floor_3,63330722,secondary,650000,9161,2022-07-22 22:55:13,2022-07-22 23:01:19,3,block
70,,,,,,,,,,,,
71,62,1976,lublin,floor_10,63326114,secondary,435000,7016,2022-07-21 16:03:43,2022-07-22 20:03:02,4,block
72,33,2005,lublin,floor_3,63329667,secondary,299000,9061,2022-07-22 16:05:35,2022-07-22 20:25:09,1,block
73,37,1976,lublin,floor_9,63325993,secondary,348000,9405,2022-07-21 15:44:42,2022-07-22 20:03:05,2,block
74,77.05,2022,lublin,ground_floor,62804932,primary,589432,7650,2022-02-22 17:40:51,2022-07-23 09:00:54,4,apartment
75,50,2001,lublin,floor_1,63279157,secondary,389000,7780,2022-07-08 12:30:54,2022-07-23 15:05:16,2,block
76,56,2013,lublin,floor_1,63271147,secondary,575000,10268,2022-07-06 14:21:40,2022-07-24 17:05:17,3,block
77,48,1980,lublin,floor_6,63271721,secondary,384000,8000,2022-07-06 15:45:09,2022-07-23 15:05:18,2,block
78,67,2010,lublin,floor_1,63272133,secondary,569000,8493,2022-07-06 16:42:19,2022-07-23 15:05:17,3,block
79,27.46,2022,lublin,floor_5,63276642,secondary,346000,12600,2022-07-07 16:26:25,2022-07-22 19:27:39,1,block
80,43.12,2022,lublin,ground_floor,63329721,primary,409640,9500,2022-07-22 16:14:32,2022-07-22 16:16:49,2,apartment
81,67.33,2022,lublin,floor_1,63329686,primary,605970,9000,2022-07-22 16:10:05,2022-07-22 16:11:54,4,apartment
82,,,,,,,,,,,,
83,,,,,,,,,,,,
84,47.2,1978,lublin,floor_6,63312773,secondary,330000,6992,2022-07-18 13:11:28,2022-07-22 15:18:55,2,block
85,,,,,,,,,,,,
86,61.03,2022,lublin,floor_1,63326467,primary,396695,6500,2022-07-21 17:21:33,2022-07-23 15:11:53,4,apartment
87,84.42,1976,lublin,floor_4,63324643,secondary,689000,8162,2022-07-21 12:10:41,2022-07-22 15:11:53,3,block
88,53.06,2022,lublin,floor_3,63325503,primary,344890,6500,2022-07-21 14:21:32,2022-07-23 15:12:18,3,apartment
89,55.12,2022,lublin,floor_2,63325499,primary,358280,6500,2022-07-21 14:21:19,2022-07-23 15:13:31,3,apartment
90,,,,,,,,,,,,
91,,,,,,,,,,,,
92,,,,,,,,,,,,
93,,,,,,,,,,,,
94,,,,,,,,,,,,
95,,,,,,,,,,,,
96,63.29,2015,lublin,floor_2,63240199,secondary,630000,9954,2022-06-28 09:21:38,2022-07-22 13:53:13,4,block
97,,,,,,,,,,,,
98,69.5,2015,lublin,floor_3,63199135,secondary,599000,8619,2022-06-15 10:27:22,2022-07-22 13:11:15,3,block
99,,,,,,,,,,,,
100,90.7,2023,lublin,floor_6,63172433,primary,1405850,15500,2022-06-07 16:12:51,2022-07-22 12:43:52,4,apartment
101,72.19,1977,lublin,floor_2,63160515,secondary,675000,9350,2022-06-03 18:47:07,2022-07-22 14:33:11,4,block
102,,,,,,,,,,,,
103,,,,,,,,,,,,
104,,,,,,,,,,,,
105,62.8,2023,lublin,floor_6,63182422,primary,954560,15200,2022-06-09 17:12:42,2022-07-22 12:43:16,3,apartment
106,,,,,,,,,,,,
107,76.2,2023,lublin,floor_7,63167371,primary,1203960,15800,2022-06-06 15:12:42,2022-07-22 12:44:02,3,apartment
108,,,,,,,,,,,,
109,,,,,,,,,,,,
110,142.1,2023,lublin,floor_7,63167370,primary,2259390,15900,2022-06-06 15:12:36,2022-07-22 12:45:08,4,apartment
111,,,,,,,,,,,,
112,47.4,2022,lublin,ground_floor,61687476,primary,383940,8100,2021-03-31 13:51:05,2022-07-22 11:22:29,3,block
113,,,,,,,,,,,,
114,31.93,2023,lublin,floor_1,62687237,primary,271405,8500,2022-01-21 18:41:18,2022-07-22 11:23:27,1,block
115,48.9,1984,lublin,floor_2,63327974,secondary,410000,8384,2022-07-22 11:11:20,2022-07-22 11:18:14,2,block
116,64,2021,lublin,floor_2,63327953,secondary,535000,8359,2022-07-22 11:10:01,2022-07-24 11:10:52,3,block
117,47.23,2008,lublin,ground_floor,63241723,secondary,469000,9930,2022-06-28 13:55:45,2022-07-22 10:09:38,3,block
118,60.8,1978,lublin,floor_2,62533257,secondary,520000,8553,2021-11-28 12:19:08,2022-07-23 18:03:50,3,block
119,,,,,,,,,,,,
120,36.98,1972,lublin,ground_floor,63170832,secondary,299000,8085,2022-06-07 12:53:25,2022-07-18 11:54:48,2,block
121,57.04,2023,lublin,ground_floor,63224033,primary,450616,7900,2022-06-22 20:29:15,2022-07-22 20:31:31,3,apartment
122,,,,,,,,,,,,
123,46.34,1895,lublin,floor_5,63125642,secondary,529000,11416,2022-05-25 17:11:01,2022-07-24 17:31:31,2,tenement
124,53.28,2013,lublin,ground_floor,63303465,secondary,535000,10041,2022-07-14 23:25:07,2022-07-22 10:13:18,2,block
125,,,,,,,,,,,,
126,34.6,1980,lublin,floor_10,63121567,secondary,349700,10107,2022-05-24 19:22:20,2022-07-16 20:02:41,2,block
127,50.62,1988,lublin,floor_2,63045723,secondary,340000,6717,2022-05-04 16:10:45,2022-07-18 14:15:14,2,block
128,27,2022,lublin,floor_5,63261336,secondary,345000,12778,2022-07-04 12:54:22,2022-07-22 10:06:43,1,block
129,53,2010,lublin,floor_1,62990399,secondary,635000,11981,2022-04-15 13:50:42,2022-07-06 22:21:29,2,apartment
130,58.2,1976,lublin,floor_1,62967581,secondary,430000,7388,2022-04-08 15:11:47,2022-07-14 12:43:23,3,block
131,,,,,,,,,,,,
132,66,2019,lublin,floor_7,63224136,secondary,726000,11000,2022-06-22 21:21:42,2022-07-22 21:28:55,3,block
133,62.02,2020,lublin,ground_floor,63173353,secondary,697000,11238,2022-06-07 19:00:32,2022-07-18 12:23:28,3,apartment
134,61.2,1975,lublin,floor_10,63204438,secondary,499000,8154,2022-06-17 12:57:08,2022-07-22 10:13:15,4,block
135,93.8,2016,lublin,floor_1,63174600,secondary,889000,9478,2022-06-08 09:10:44,2022-07-11 20:38:39,4,block
136,65.05,2023,lublin,ground_floor,62895891,secondary,435835,6700,2022-03-19 16:12:22,2022-07-17 17:00:41,3,block
137,30.87,1945,lublin,ground_floor,63119655,secondary,290000,9394,2022-05-24 13:23:25,2022-07-23 13:45:54,1,tenement
138,71.5,1989,lublin,floor_1,63146299,secondary,495000,6923,2022-05-31 14:31:59,2022-07-19 12:32:44,4,block
139,79.98,2005,lublin,floor_4,63119701,secondary,699000,8740,2022-05-24 13:31:36,2022-07-23 14:01:10,3,block
140,85.3,1980,lublin,floor_2,63122945,secondary,540000,6331,2022-05-25 10:41:13,2022-07-24 11:00:56,4,block
141,69.6,1983,lublin,floor_3,63009093,secondary,495000,7112,2022-04-22 11:01:01,2022-07-21 11:45:30,4,block
142,47.2,1970,lublin,floor_4,63115878,secondary,387000,8199,2022-05-23 15:12:05,2022-07-22 15:47:05,3,block
143,60.1,1990,lublin,ground_floor,63143928,secondary,510000,8486,2022-05-31 10:00:49,2022-07-08 12:39:53,3,block
144,56.6,1984,lublin,floor_9,62928324,secondary,455000,8039,2022-03-29 11:43:35,2022-07-08 10:09:27,3,block
145,72.87,1995,lublin,ground_floor,62677718,secondary,569000,7808,2022-01-19 14:04:36,2022-07-18 15:30:49,3,block
146,,,,,,,,,,,,
147,78.26,2019,lublin,floor_3,63132813,secondary,987484,12618,2022-05-27 13:41:13,2022-07-15 10:31:56,4,block
148,46.94,2023,lublin,floor_1,62895890,primary,333274,7100,2022-03-19 16:12:20,2022-07-17 17:00:41,2,block
149,48.2,1980,lublin,floor_3,62714773,secondary,469000,9730,2022-01-30 16:55:12,2022-07-21 11:37:53,3,block
150,,,,,,,,,,,,
151,60.17,2017,lublin,floor_3,63175010,secondary,579990,9639,2022-06-08 10:54:40,2022-07-20 14:55:25,3,block
152,,,,,,,,,,,,
153,118.5,2008,lublin,floor_1,61237891,secondary,970000,8186,2020-11-27 17:02:54,2022-07-18 19:11:58,5,ribbon
154,69.36,2022,lublin,floor_4,61670411,primary,561816,8100,2021-03-26 12:10:57,2022-07-20 10:47:17,4,block
155,,,,,,,,,,,,
156,36.64,2023,lublin,floor_2,62441660,primary,322432,8800,2021-10-29 14:50:56,2022-06-30 14:43:18,2,block
157,,,,,,,,,,,,
158,48.2,1977,lublin,floor_3,62754962,secondary,469000,9730,2022-02-10 08:35:37,2022-07-10 09:45:14,3,block
159,36.7,1985,lublin,floor_3,62567645,secondary,259000,7057,2021-12-09 10:43:13,2022-07-08 20:51:35,2,block
160,90.56,2001,lublin,floor_1,63007768,secondary,759000,8381,2022-04-21 19:11:20,2022-07-20 19:45:51,4,block
161,56,1960,lublin,floor_2,63177405,secondary,349000,6232,2022-06-08 16:21:32,2022-07-19 14:23:21,3,block
162,34.6,2023,lublin,floor_1,62895889,primary,257770,7450,2022-03-19 16:12:18,2022-07-17 17:00:41,1,block
163,78,1960,lublin,floor_3,62627182,secondary,579000,7423,2022-01-04 12:13:29,2022-07-08 22:52:03,3,tenement
164,,,,,,,,,,,,
165,,,,,,,,,,,,
166,,,,,,,,,,,,
167,,,,,,,,,,,,
168,60.2,1978,lublin,floor_4,63016727,secondary,459000,7625,2022-04-25 13:21:50,2022-07-24 14:15:57,3,block
169,49.56,2001,lublin,floor_1,63036229,secondary,415000,8374,2022-04-29 21:01:35,2022-07-08 10:13:26,2,block
170,49.4,1986,lublin,floor_3,63214769,secondary,439660,8900,2022-06-20 20:56:31,2022-07-24 15:21:41,3,block
171,,,,,,,,,,,,
172,36,1980,lublin,floor_3,63277288,secondary,337000,9361,2022-07-07 19:33:05,2022-07-22 19:34:48,1,block
173,,,,,,,,,,,,
174,59,1998,lublin,floor_3,63272821,secondary,449500,7619,2022-07-06 19:50:32,2022-07-24 16:23:32,3,block
175,60.7,1982,lublin,floor_3,63122380,secondary,424500,6993,2022-05-25 05:17:32,2022-07-23 14:28:02,3,block
176,48,1997,lublin,floor_3,63326385,secondary,395000,8229,2022-07-21 16:55:55,2022-07-21 19:16:23,2,block
177,,,,,,,,,,,,
178,61.2,1980,lublin,floor_3,63259959,secondary,469000,7663,2022-07-04 00:00:30,2022-07-21 17:43:36,3,block
179,,,,,,,,,,,,
180,,,,,,,,,,,,
181,48.9,1986,lublin,floor_3,63326069,secondary,359900,7360,2022-07-21 15:55:33,2022-07-22 22:57:55,2,block
182,46.13,2022,lublin,ground_floor,62804933,secondary,385900,8365,2022-02-22 17:40:52,2022-07-22 18:45:28,3,block
183,62,2017,lublin,floor_5,63324627,secondary,580000,9355,2022-07-21 12:05:54,2022-07-21 15:53:16,3,block
184,40.19,2024,lublin,floor_2,62974424,primary,317500,7900,2022-04-11 13:31:24,2022-07-21 15:55:20,2,block
185,41.18,2021,lublin,floor_3,62711539,secondary,442000,10733,2022-01-28 20:45:22,2022-07-21 15:56:23,2,block
186,48.29,2011,lublin,floor_3,63325730,secondary,419000,8677,2022-07-21 14:54:24,2022-07-22 22:57:27,2,block
187,,,,,,,,,,,,
188,,,,,,,,,,,,
189,26.47,1986,lublin,floor_6,63274832,secondary,269000,10162,2022-07-07 12:55:02,2022-07-21 14:41:58,1,block
190,47.9,1974,lublin,ground_floor,63323389,secondary,399900,8349,2022-07-20 21:55:18,2022-07-21 14:35:25,3,block
191,,,,,,,,,,,,
192,37,1965,lublin,floor_2,63217156,secondary,395000,10676,2022-06-21 13:40:49,2022-07-22 09:39:47,2,block
193,,,,,,,,,,,,
194,70.07,2005,lublin,floor_2,62776793,secondary,529000,7550,2022-02-15 22:41:17,2022-07-21 14:38:42,3,block
195,,,,,,,,,,,,
196,68.8,1969,lublin,floor_4,63274815,secondary,549000,7980,2022-07-07 12:52:55,2022-07-21 12:56:58,3,block
197,,,,,,,,,,,,
198,70.46,2021,lublin,floor_1,63214923,primary,669370,9500,2022-06-20 21:48:38,2022-07-21 12:31:55,3,block
199,71.08,2021,lublin,ground_floor,63214906,primary,625504,8800,2022-06-20 21:42:22,2022-07-23 09:00:34,3,block
200,67.58,2021,lublin,floor_1,63214939,primary,594704,8800,2022-06-20 21:52:07,2022-07-21 12:32:41,3,block
201,44.05,2023,lublin,floor_5,63274588,primary,339185,7700,2022-07-07 12:23:53,2022-07-22 21:59:17,2,block
202,45.04,2021,lublin,ground_floor,63214908,primary,427880,9500,2022-06-20 21:42:46,2022-07-24 09:00:24,2,block
203,72.6,2021,lublin,floor_1,63214929,primary,638880,8800,2022-06-20 21:49:58,2022-07-21 12:32:39,3,block
204,68.76,2021,lublin,ground_floor,63214910,primary,605088,8800,2022-06-20 21:43:07,2022-07-21 12:32:07,3,block
205,46.1,2021,lublin,floor_3,63214878,primary,437950,9500,2022-06-20 21:34:28,2022-07-22 09:00:37,2,block
206,,,,,,,,,,,,
207,48.12,2021,lublin,floor_1,63214934,primary,457140,9500,2022-06-20 21:50:26,2022-07-21 12:32:56,2,block
208,67.02,2021,lublin,floor_1,63214942,primary,589776,8800,2022-06-20 21:52:22,2022-07-21 12:33:01,3,block
209,45.31,2021,lublin,floor_1,63214928,primary,430445,9500,2022-06-20 21:49:39,2022-07-21 12:33:05,2,block
210,35.15,2015,lublin,floor_3,63243751,secondary,379000,10782,2022-06-28 21:45:08,2022-07-21 12:05:54,1,apartment
211,45.74,1970,lublin,floor_1,63324550,secondary,369000,8067,2022-07-21 11:51:48,2022-07-21 11:57:35,3,block
212,62.6,2012,lublin,floor_3,63324324,secondary,520000,8307,2022-07-21 11:03:12,2022-07-22 13:53:53,3,block
213,49.64,1950,lublin,floor_3,63199454,secondary,398000,8018,2022-06-15 11:47:22,2022-07-21 12:08:42,2,tenement
214,,,,,,,,,,,,
215,37.36,1968,lublin,floor_3,63267408,secondary,375000,10037,2022-07-05 16:12:44,2022-07-21 11:36:36,2,block
216,54.7,2022,lublin,floor_3,63140247,primary,371960,6800,2022-05-30 12:20:43,2022-07-21 11:21:40,3,apartment
217,,,,,,,,,,,,
218,43,1970,lublin,floor_3,63215727,secondary,369000,8581,2022-06-21 09:56:19,2022-07-22 10:12:06,2,block
219,,,,,,,,,,,,
220,,,,,,,,,,,,
221,,,,,,,,,,,,
222,35.1,1970,lublin,floor_4,62789963,secondary,329000,9373,2022-02-18 16:55:36,2022-07-20 12:34:05,2,block
223,49.02,2022,lublin,floor_1,62840828,primary,504906,10300,2022-03-04 11:10:39,2022-07-02 12:00:23,3,apartment
224,47,1989,lublin,floor_3,62996340,secondary,359000,7638,2022-04-19 10:41:01,2022-07-18 11:15:45,2,block
225,41,1970,lublin,floor_10,62655156,secondary,325000,7927,2022-01-13 10:30:48,2022-07-13 10:29:47,2,block
226,,,,,,,,,,,,
227,46.5,1979,lublin,floor_1,62845004,secondary,399000,8581,2022-03-05 15:45:08,2022-07-13 10:29:49,3,block
228,,,,,,,,,,,,
229,28.39,2022,lublin,floor_1,62840813,primary,320807,11300,2022-03-04 11:06:28,2022-07-08 19:01:10,1,apartment
230,61,1980,lublin,ground_floor,63019047,secondary,459000,7525,2022-04-25 20:35:20,2022-07-04 13:10:46,3,block
231,38,2005,lublin,floor_2,63284509,secondary,375000,9868,2022-07-10 12:54:23,2022-07-23 09:15:38,1,block
232,,,,,,,,,,,,
233,,,,,,,,,,,,
234,61.2,1993,lublin,floor_8,63273475,secondary,550000,8987,2022-07-07 02:06:35,2022-07-21 02:08:34,3,block
235,61.8,1998,lublin,floor_3,63322968,secondary,439000,7104,2022-07-20 18:34:39,2022-07-22 21:30:46,3,block
236,54,2000,lublin,floor_2,63239245,secondary,469000,8685,2022-06-27 20:05:18,2022-07-22 10:01:24,2,block
237,87.74,2019,lublin,floor_5,63322852,secondary,842000,9597,2022-07-20 17:45:05,2022-07-23 19:51:00,4,block
238,,,,,,,,,,,,
239,57,2020,lublin,floor_10,63322930,secondary,1220000,21404,2022-07-20 18:17:31,2022-07-22 18:31:11,2,apartment
240,,,,,,,,,,,,
241,40.79,2023,lublin,ground_floor,63322755,primary,280000,6864,2022-07-20 17:18:18,2022-07-24 00:50:20,2,block
242,60,2008,lublin,floor_2,63322701,secondary,549000,9150,2022-07-20 17:01:51,2022-07-24 14:23:47,3,block
243,,,,,,,,,,,,
244,,,,,,,,,,,,
245,98.04,2022,lublin,ground_floor,63270922,primary,529000,5396,2022-07-06 13:46:31,2022-07-24 13:48:00,4,ribbon
246,57,2013,lublin,ground_floor,63265244,secondary,575000,10088,2022-07-05 11:03:34,2022-07-20 13:38:37,3,block
247,,,,,,,,,,,,
248,,,,,,,,,,,,
249,54,1979,lublin,floor_8,62988067,secondary,449000,8315,2022-04-14 18:35:14,2022-07-22 12:16:21,3,block
250,,,,,,,,,,,,
251,,,,,,,,,,,,
252,68.22,2017,lublin,floor_1,63320930,secondary,629000,9220,2022-07-20 11:53:51,2022-07-20 13:53:02,4,block
253,43,1965,lublin,floor_3,63315249,secondary,369000,8581,2022-07-18 23:35:19,2022-07-20 16:12:42,2,block
254,,,,,,,,,,,,
255,53.54,2022,lublin,floor_2,61670092,primary,433674,8100,2021-03-26 11:21:08,2022-07-20 10:48:09,3,block
256,54.7,1967,lublin,floor_1,63078102,secondary,489000,8940,2022-05-13 10:40:57,2022-07-20 10:43:35,3,block
257,30.94,1920,lublin,floor_1,62724002,secondary,255000,8242,2022-02-01 18:31:07,2022-07-20 10:43:45,2,tenement
258,44,2004,lublin,floor_3,63114197,secondary,378000,8591,2022-05-23 11:43:15,2022-07-22 12:16:33,2,block
259,,,,,,,,,,,,
260,,,,,,,,,,,,
261,50.94,1960,lublin,floor_2,62729734,secondary,439000,8618,2022-02-03 10:22:14,2022-07-20 10:43:59,3,block
262,70,1982,lublin,floor_7,63051376,secondary,585000,8357,2022-05-06 10:15:29,2022-07-19 14:12:21,3,block
263,,,,,,,,,,,,
264,50.95,1950,lublin,floor_2,63167851,secondary,429000,8420,2022-06-06 16:32:21,2022-07-13 11:53:35,2,tenement
265,,,,,,,,,,,,
266,70,2016,lublin,floor_1,62925305,secondary,700000,10000,2022-03-28 14:45:51,2022-07-15 09:12:34,3,block
267,62.22,1978,lublin,floor_10,63056000,secondary,449000,7216,2022-05-07 17:22:23,2022-07-22 06:06:17,4,block
268,69.09,2012,lublin,ground_floor,62784322,secondary,520000,7526,2022-02-17 15:41:26,2022-07-17 16:45:49,4,block
269,47.95,1979,lublin,floor_6,63211427,secondary,425000,8863,2022-06-20 10:55:56,2022-07-22 13:11:16,3,block
270,56.92,1935,lublin,floor_1,62950805,secondary,595000,10453,2022-04-04 15:50:33,2022-07-16 06:25:25,2,tenement
271,45,2022,lublin,floor_3,62945387,secondary,382900,8509,2022-04-02 17:15:07,2022-07-06 10:35:24,3,block
272,120,2002,lublin,floor_3,62450840,secondary,755880,6299,2021-11-02 19:11:14,2022-07-13 21:14:00,4,block
273,,,,,,,,,,,,
274,47,1970,lublin,floor_10,63121176,secondary,399000,8489,2022-05-24 17:20:50,2022-07-23 17:46:32,3,block
275,65.83,2018,lublin,floor_1,63009754,secondary,599000,9099,2022-04-22 13:11:23,2022-07-21 13:45:44,4,block
276,,,,,,,,,,,,
277,59.7,1991,lublin,ground_floor,62859107,secondary,468645,7850,2022-03-09 16:29:01,2022-07-24 11:17:12,3,block
278,65.08,2018,lublin,floor_1,63116266,secondary,650000,9988,2022-05-23 16:11:18,2022-07-22 16:31:22,3,block
279,79,1995,lublin,floor_3,63168039,secondary,560000,7089,2022-06-06 17:11:35,2022-07-11 16:29:16,3,block
280,41.5,2023,lublin,floor_7,63167372,primary,643250,15500,2022-06-06 15:12:47,2022-07-20 15:23:46,1,apartment
281,63.88,2012,lublin,floor_1,63320144,secondary,590000,9236,2022-07-20 09:05:12,2022-07-20 09:14:59,3,block
282,,,,,,,,,,,,
283,55,2022,smugi_38806,ground_floor,63264626,primary,369000,6709,2022-07-05 07:51:20,2022-07-22 12:03:10,3,house
284,55,2022,smugi_38806,floor_1,63264629,primary,369000,6709,2022-07-05 07:54:29,2022-07-22 12:07:24,3,house
285,57,2022,lublin,floor_3,63320040,primary,390000,6842,2022-07-20 07:32:31,2022-07-24 00:52:31,3,block
286,50,1979,lublin,ground_floor,63319827,secondary,520000,10400,2022-07-19 23:37:49,2022-07-21 23:40:40,3,block
287,,,,,,,,,,,,
288,75.3,2006,lublin,floor_2,63268639,secondary,695000,9230,2022-07-05 21:58:51,2022-07-23 22:01:28,3,block
289,,,,,,,,,,,,
290,70.96,2022,lublin,floor_2,63289724,primary,599999,8455,2022-07-11 18:21:30,2022-07-19 20:32:34,3,apartment
291,41.19,2022,lublin,floor_3,63287343,primary,284211,6900,2022-07-11 12:13:00,2022-07-21 11:21:45,2,apartment
292,,,,,,,,,,,,
293,46.5,1970,lublin,floor_1,63262770,secondary,399000,8581,2022-07-04 16:08:03,2022-07-20 09:11:40,3,block
294,42.6,2021,lublin,floor_4,63317935,secondary,399999,9390,2022-07-19 15:01:02,2022-07-21 15:12:29,2,block
295,53,2010,lublin,floor_1,63255804,secondary,478000,9019,2022-07-01 16:05:09,2022-07-19 14:23:23,2,block
296,66.27,2023,lublin,floor_3,63119717,primary,570000,8601,2022-05-24 13:32:52,2022-07-23 14:01:13,4,block
297,62.45,2021,lublin,floor_1,62160684,primary,495000,7926,2021-08-11 08:59:00,2022-07-23 19:01:18,3,block
298,69.99,2021,lublin,floor_1,62161158,primary,525000,7501,2021-08-11 11:06:21,2022-07-22 09:00:21,4,block
299,53.64,2023,lublin,floor_3,63119709,primary,500000,9321,2022-05-24 13:32:12,2022-07-23 14:01:11,4,block
300,69.99,2021,lublin,ground_floor,62160989,primary,525000,7501,2021-08-11 10:30:45,2022-07-21 09:00:40,2,block
301,49,1976,lublin,floor_3,63315026,secondary,399000,8143,2022-07-18 21:46:00,2022-07-19 14:11:52,3,block
302,60,2008,lublin,floor_3,63317464,secondary,695000,11583,2022-07-19 13:59:00,2022-07-19 14:40:09,3,block
303,62.47,2023,lublin,floor_2,63119702,primary,520000,8324,2022-05-24 13:31:44,2022-07-23 19:01:18,3,block
304,60.4,1997,lublin,floor_2,63135335,secondary,487000,8063,2022-05-28 00:12:43,2022-07-19 14:10:14,3,block
305,69.99,2021,lublin,floor_2,62161307,primary,525000,7501,2021-08-11 11:34:36,2022-07-24 09:00:11,4,block
306,71.95,2023,lublin,floor_2,63119707,primary,547000,7603,2022-05-24 13:32:00,2022-07-23 14:01:11,4,block
307,56.69,2023,lublin,floor_3,63119712,primary,520000,9173,2022-05-24 13:32:26,2022-07-23 14:01:12,3,block
308,49.39,2021,lublin,ground_floor,62161647,primary,410000,8301,2021-08-11 12:28:17,2022-07-19 14:11:20,3,block
309,66.27,2023,lublin,floor_3,63119715,primary,570000,8601,2022-05-24 13:32:40,2022-07-24 09:00:10,4,block
310,69.99,2021,lublin,floor_1,62161186,primary,525000,7501,2021-08-11 11:12:35,2022-07-23 09:00:17,4,block
311,,,,,,,,,,,,
312,64,1981,lublin,floor_2,62566818,secondary,486000,7594,2021-12-08 21:10:09,2022-07-19 13:19:24,3,block
313,35.3,1989,lublin,floor_3,62695514,secondary,360000,10198,2022-01-24 20:42:28,2022-07-22 21:55:31,1,block
314,52.04,1956,lublin,floor_4,63315065,secondary,459000,8820,2022-07-18 22:05:21,2022-07-24 09:15:16,4,tenement
315,,,,,,,,,,,,
316,32,1975,lublin,floor_3,62982085,secondary,285000,8906,2022-04-13 12:22:49,2022-07-24 10:55:24,2,block
317,82.2,1994,lublin,ground_floor,62631004,secondary,670000,8151,2022-01-05 11:35:58,2022-07-24 11:02:43,4,block
318,83.2,2001,lublin,floor_3,63110657,secondary,750000,9014,2022-05-21 15:59:21,2022-07-22 18:53:46,3,block
319,,,,,,,,,,,,
320,80.39,2001,lublin,floor_2,63165696,secondary,685000,8521,2022-06-06 11:52:12,2022-07-18 11:54:42,4,block
321,47.2,1976,lublin,floor_8,63052142,secondary,329000,6970,2022-05-06 12:12:06,2022-07-08 12:57:17,2,block
322,32.4,1973,lublin,floor_5,62972129,secondary,275000,8488,2022-04-10 17:50:33,2022-07-16 06:05:08,2,block
323,65.1,1988,lublin,ground_floor,62965598,secondary,469000,7204,2022-04-08 09:52:52,2022-07-07 10:30:33,3,block
324,52,2017,lublin,floor_8,62916949,secondary,559000,10750,2022-03-25 13:01:01,2022-07-23 14:00:55,2,block
325,101,2010,lublin,floor_1,63162238,secondary,895000,8861,2022-06-04 15:31:23,2022-07-04 16:56:29,4,house
326,41.18,2021,lublin,floor_3,62711007,secondary,442000,10733,2022-01-28 18:02:02,2022-07-20 15:25:51,2,block
327,,,,,,,,,,,,
328,77.05,2022,lublin,floor_1,62798939,primary,589432,7650,2022-02-21 18:00:44,2022-07-21 19:30:25,4,block
329,88.84,2003,lublin,floor_1,63163267,secondary,899000,10119,2022-06-04 22:53:13,2022-07-18 11:54:46,4,ribbon
330,61.99,2023,lublin,ground_floor,62352164,primary,483522,7800,2021-10-05 09:40:01,2022-07-05 13:04:01,3,block
331,52.6,2005,lublin,ground_floor,62916572,secondary,440000,8365,2022-03-25 11:54:54,2022-07-24 13:12:31,2,apartment
332,64.34,2016,lublin,floor_3,62923235,secondary,779000,12108,2022-03-28 06:55:12,2022-07-08 12:32:35,3,block
333,49.6,2010,lublin,floor_7,63089620,secondary,371000,7480,2022-05-16 21:31:20,2022-07-19 14:23:21,2,apartment
334,38.15,2023,lublin,floor_2,62432885,primary,335720,8800,2021-10-27 13:31:03,2022-07-24 15:45:22,2,block
335,,,,,,,,,,,,
336,50,2017,lublin,floor_1,62971798,secondary,500000,10000,2022-04-10 14:50:06,2022-07-13 15:45:40,2,block
337,60.1,1979,lublin,floor_4,63117358,secondary,459000,7637,2022-05-23 20:52:22,2022-07-22 21:15:42,3,block
338,62.08,2020,lublin,floor_1,63138049,secondary,698000,11244,2022-05-29 15:55:05,2022-07-18 11:54:39,3,block
339,55.81,2022,lublin,floor_2,63110794,primary,435000,7794,2022-05-21 17:25:55,2022-07-14 21:35:58,3,block
340,46.66,2022,lublin,ground_floor,63110747,primary,385000,8251,2022-05-21 16:52:20,2022-07-14 21:38:46,2,block
341,,,,,,,,,,,,
342,,,,,,,,,,,,
343,76.06,2023,lublin,floor_2,61442222,primary,501996,6600,2021-01-28 09:41:55,2022-07-22 14:30:18,3,block
344,72.62,2021,lublin,floor_3,63230772,primary,682628,9400,2022-06-24 14:28:12,2022-07-24 14:32:03,4,block
345,51.04,2011,lublin,floor_1,63213186,secondary,459000,8993,2022-06-20 15:05:10,2022-07-21 11:02:22,2,block
346,59.03,1960,lublin,floor_2,62825554,secondary,499000,8453,2022-02-28 21:01:44,2022-07-22 13:52:33,2,tenement
347,83,2008,lublin,floor_3,62950961,secondary,569000,6855,2022-04-04 16:11:44,2022-07-22 13:52:36,4,block
348,,,,,,,,,,,,
349,53.23,1961,lublin,ground_floor,63315514,secondary,450000,8454,2022-07-19 06:52:42,2022-07-19 21:46:57,2,block
350,56,2011,lublin,floor_3,63263852,secondary,599000,10696,2022-07-04 20:09:50,2022-07-22 20:13:28,3,block
351,54.23,2010,lublin,ground_floor,63259498,secondary,490000,9036,2022-07-03 19:27:15,2022-07-18 19:30:44,3,block
352,,,,,,,,,,,,
353,75.6,2004,lublin,floor_4,63308030,secondary,759000,10040,2022-07-16 11:41:11,2022-07-18 19:33:14,3,block
354,40,2016,lublin,floor_1,63314610,secondary,455000,11375,2022-07-18 19:03:54,2022-07-18 19:08:07,2,block
355,,,,,,,,,,,,
356,27,1980,lublin,floor_higher_10,63314515,secondary,310000,11481,2022-07-18 18:34:17,2022-07-18 21:02:22,1,block
357,,,,,,,,,,,,
358,47.08,2004,lublin,ground_floor,63314157,secondary,399000,8475,2022-07-18 17:01:58,2022-07-18 17:03:36,2,block
359,,,,,,,,,,,,
360,45.78,1930,lublin,floor_2,63312196,secondary,279000,6094,2022-07-18 11:40:50,2022-07-18 16:56:58,2,tenement
361,47.48,1975,lublin,floor_4,62967909,secondary,399900,8422,2022-04-08 16:00:55,2022-07-20 10:13:16,3,block
362,56.9,1977,lublin,floor_1,63313950,secondary,430000,7557,2022-07-18 16:20:15,2022-07-18 21:02:10,3,block
363,57.6,2005,lublin,ground_floor,63308233,secondary,499000,8663,2022-07-16 13:23:26,2022-07-22 15:27:27,3,block
364,33.2,2010,lublin,ground_floor,62844215,secondary,339000,10211,2022-03-04 23:35:10,2022-07-18 15:17:10,1,block
365,61.66,2022,lublin,floor_1,63238162,secondary,475000,7704,2022-06-27 15:55:28,2022-07-22 10:10:13,3,house
366,56.82,1975,lublin,ground_floor,63312977,secondary,405000,7128,2022-07-18 13:44:22,2022-07-22 14:34:41,3,block
367,20.52,2023,lublin,floor_3,63102786,primary,259917,12667,2022-05-19 13:12:25,2022-07-18 13:32:36,1,apartment
368,60,1975,lublin,floor_1,63312647,secondary,539000,8983,2022-07-18 12:54:58,2022-07-18 13:11:33,3,block
369,60,1986,lublin,ground_floor,63312645,secondary,415000,6917,2022-07-18 12:54:40,2022-07-18 13:12:08,3,block
370,45.89,1965,lublin,floor_2,63312646,secondary,366000,7976,2022-07-18 12:54:51,2022-07-18 13:11:34,3,block
371,26,1921,lublin,floor_1,63311583,secondary,143000,5500,2022-07-18 09:56:12,2022-07-18 12:40:20,1,tenement
372,59.7,1992,lublin,floor_1,63310303,secondary,450000,7538,2022-07-17 16:55:11,2022-07-23 17:35:57,4,block
373,74,1920,lublin,floor_2,63288463,secondary,750000,10135,2022-07-11 15:00:44,2022-07-18 12:22:09,3,tenement
374,61.5,1991,lublin,floor_2,63070742,secondary,469000,7626,2022-05-11 14:50:59,2022-07-22 11:33:23,3,block
375,69.5,2015,lublin,floor_3,63240881,secondary,599000,8619,2022-06-28 11:40:57,2022-07-20 11:50:44,3,block
376,,,,,,,,,,,,
377,,,,,,,,,,,,
378,67.97,2023,lublin,floor_4,62383897,primary,632121,9300,2021-10-13 16:20:27,2022-07-21 15:16:32,3,block
379,59.2,2023,lublin,ground_floor,62384117,primary,467680,7900,2021-10-13 17:00:30,2022-07-22 11:35:17,3,block
380,32.3,1977,lublin,floor_3,63260611,secondary,290500,8994,2022-07-04 11:07:32,2022-07-22 11:09:00,2,block
381,88.33,2015,lublin,floor_3,62400533,secondary,890000,10076,2021-10-18 16:12:07,2022-07-18 12:40:54,3,block
382,96.14,2013,lublin,floor_1,63254728,secondary,750000,7801,2022-07-01 13:13:44,2022-07-18 10:50:42,3,ribbon
383,,,,,,,,,,,,
384,47.2,1976,lublin,floor_8,63002639,secondary,329000,6970,2022-04-20 16:13:52,2022-07-22 10:34:39,2,block
385,85,2001,lublin,floor_3,63311775,secondary,677000,7965,2022-07-18 10:33:30,2022-07-18 10:50:23,3,block
386,47.93,1968,lublin,ground_floor,63139733,secondary,396000,8262,2022-05-30 11:12:08,2022-07-21 15:55:22,3,block
387,,,,,,,,,,,,
388,48,1953,lublin,floor_4,63167455,secondary,395000,8229,2022-06-06 15:24:32,2022-07-17 10:13:00,2,block
389,56.91,2010,lublin,floor_2,63013311,secondary,549000,9647,2022-04-23 19:10:27,2022-07-22 19:45:31,2,block
390,,,,,,,,,,,,
391,,,,,,,,,,,,
392,81.18,2010,lublin,floor_1,62818485,secondary,769000,9473,2022-02-26 09:30:22,2022-07-19 18:12:25,3,tenement
393,88,1994,lublin,floor_4,63113658,secondary,703000,7989,2022-05-23 10:17:26,2022-07-22 16:30:50,5,block
394,56.35,1965,lublin,floor_1,63099643,secondary,398000,7063,2022-05-18 16:22:14,2022-07-17 16:45:59,4,block
395,83,2006,lublin,floor_3,62965890,secondary,580000,6988,2022-04-08 11:12:19,2022-07-07 11:46:13,4,block
396,91,2006,lublin,floor_3,62464778,secondary,789000,8670,2021-11-06 12:00:47,2022-07-04 15:52:06,4,block
397,50.94,1956,lublin,floor_2,62435751,secondary,439000,8618,2021-10-28 09:31:05,2022-07-04 15:08:23,3,block
398,,,,,,,,,,,,
399,,,,,,,,,,,,
400,,,,,,,,,,,,
401,174,1980,lublin,floor_1,62870822,secondary,489000,2810,2022-03-12 23:18:21,2022-07-22 19:19:54,3,house
402,38.89,2020,lublin,floor_5,62645993,primary,565000,14528,2022-01-10 22:13:33,2022-07-09 23:30:12,1,apartment
403,59.3,1992,lublin,floor_7,62845501,secondary,565000,9528,2022-03-05 22:35:13,2022-07-04 15:48:42,3,block
404,63.29,2015,lublin,floor_2,62820848,secondary,630000,9954,2022-02-27 16:33:13,2022-07-04 15:08:25,4,block
405,,,,,,,,,,,,
406,69.6,1983,lublin,floor_3,62921910,secondary,549000,7888,2022-03-27 11:23:47,2022-07-04 15:47:00,3,block
407,36.08,2022,lublin,floor_6,63311402,primary,342760,9500,2022-07-18 08:51:02,2022-07-18 10:33:04,2,block
408,77.14,2011,lublin,ground_floor,63251415,secondary,660000,8556,2022-06-30 15:18:41,2022-07-22 10:06:41,3,block
409,63.2,1981,lublin,floor_2,63310776,secondary,486000,7690,2022-07-17 19:44:14,2022-07-24 14:24:48,3,block
410,38.85,1980,lublin,floor_2,63259849,secondary,379000,9755,2022-07-03 22:32:08,2022-07-23 14:47:07,2,block
411,52,1980,lublin,floor_4,63259473,secondary,407000,7827,2022-07-03 19:11:25,2022-07-21 19:15:18,2,block
412,,,,,,,,,,,,
413,72,1998,lublin,floor_2,63310148,secondary,669000,9292,2022-07-17 15:21:06,2022-07-24 14:25:07,3,block
414,55.65,2023,lublin,floor_3,62451976,primary,450765,8100,2021-11-03 09:50:51,2022-07-21 19:01:36,2,block
415,,,,,,,,,,,,
416,,,,,,,,,,,,
417,48,1980,lublin,floor_4,63235092,secondary,410000,8542,2022-06-26 21:15:01,2022-07-24 14:43:45,4,block
418,80.2,2007,lublin,floor_2,63234624,secondary,599000,7469,2022-06-26 15:00:32,2022-07-24 14:45:02,3,block
419,56.3,2011,lublin,ground_floor,63250214,secondary,445000,7904,2022-06-30 12:34:44,2022-07-17 13:48:30,3,block
420,62.5,1968,lublin,floor_4,63259819,secondary,480000,7680,2022-07-03 22:18:33,2022-07-17 13:44:25,3,block
421,,,,,,,,,,,,
422,79.32,1995,lublin,floor_3,63259807,secondary,560000,7060,2022-07-03 22:12:54,2022-07-24 14:42:17,3,block
423,60.8,1983,lublin,floor_2,63259905,secondary,455000,7484,2022-07-03 23:08:18,2022-07-24 14:41:29,3,block
424,48.3,1973,lublin,floor_3,63259942,secondary,399000,8261,2022-07-03 23:50:20,2022-07-24 14:40:59,3,block
425,57.9,1975,lublin,floor_4,63259926,secondary,380000,6563,2022-07-03 23:30:10,2022-07-24 14:40:18,3,block
426,60.3,1979,lublin,floor_1,63259954,secondary,450000,7463,2022-07-03 23:55:50,2022-07-17 13:35:01,3,block
427,78.1,1997,lublin,floor_3,63259932,secondary,519000,6645,2022-07-03 23:36:51,2022-07-17 13:36:28,4,block
428,,,,,,,,,,,,
429,,,,,,,,,,,,
430,,,,,,,,,,,,
431,56,1970,lublin,floor_4,63309736,secondary,539000,9625,2022-07-17 11:03:28,2022-07-17 11:59:44,3,block
432,53.8,1988,lublin,floor_3,62955808,secondary,460000,8550,2022-04-05 18:04:13,2022-07-17 11:01:07,3,block
433,,,,,,,,,,,,
434,43.41,2022,lublin,ground_floor,63158118,primary,360303,8300,2022-06-03 11:41:07,2022-07-12 17:25:15,2,block
435,,,,,,,,,,,,
436,45,1974,lublin,floor_4,63307967,secondary,435000,9667,2022-07-16 10:55:09,2022-07-21 15:13:19,3,block
437,35.1,1968,lublin,floor_4,63160508,secondary,329000,9373,2022-06-03 18:45:13,2022-07-21 15:55:22,2,block
438,37.1,1968,lublin,floor_8,63160593,secondary,339000,9137,2022-06-03 19:23:47,2022-07-18 13:45:05,2,block
439,48.1,1989,lublin,ground_floor,63011594,secondary,415000,8628,2022-04-22 18:51:22,2022-07-21 19:45:53,3,block
440,38.4,1973,lublin,floor_9,63011227,secondary,318000,8281,2022-04-22 17:21:52,2022-07-21 18:00:50,2,block
441,68.7,2008,lublin,floor_3,63056652,secondary,585000,8515,2022-05-07 22:28:55,2022-07-21 10:37:30,3,block
442,47.5,1980,lublin,floor_4,62905577,secondary,387000,8147,2022-03-22 14:56:51,2022-07-21 10:20:35,3,block
443,48,1976,lublin,floor_6,63299252,secondary,409000,8521,2022-07-13 23:05:14,2022-07-17 10:12:09,2,block
444,,,,,,,,,,,,
445,57.9,1975,lublin,floor_4,62665700,secondary,380000,6563,2022-01-16 13:32:23,2022-07-08 19:13:12,3,block
446,,,,,,,,,,,,
447,,,,,,,,,,,,
448,53.97,2022,lublin,floor_3,63012161,primary,595000,11025,2022-04-23 01:13:32,2022-07-21 00:22:02,3,block
449,49.5,1991,lublin,floor_1,63256956,secondary,410000,8283,2022-07-02 00:17:55,2022-07-17 00:20:19,2,block
450,,,,,,,,,,,,
451,101,1917,lublin,ground_floor,63308995,secondary,1000000,9901,2022-07-16 19:45:33,2022-07-16 19:49:46,4,tenement
452,71,1917,lublin,floor_1,63308992,secondary,700000,9859,2022-07-16 19:45:30,2022-07-16 19:49:57,2,tenement
453,,,,,,,,,,,,
454,55.79,2017,lublin,floor_3,63308556,secondary,619000,11095,2022-07-16 17:10:18,2022-07-16 18:57:38,3,block
455,59.68,2024,lublin,floor_3,62700864,primary,453568,7600,2022-01-26 10:23:51,2022-07-20 19:01:11,3,block
456,70.94,2024,lublin,floor_3,62700866,primary,510768,7200,2022-01-26 10:24:20,2022-07-21 19:01:26,4,block
457,65.94,2024,lublin,floor_3,62700871,primary,487956,7400,2022-01-26 10:26:06,2022-07-22 19:01:19,4,block
458,68.23,2022,lublin,floor_1,61115314,primary,579955,8500,2020-10-26 15:50:33,2022-07-22 19:01:18,3,block
459,67.97,2022,lublin,floor_1,61115291,primary,604933,8900,2020-10-26 15:45:47,2022-07-21 19:01:24,3,block
460,,,,,,,,,,,,
461,62.71,2022,lublin,floor_1,61115279,primary,558119,8900,2020-10-26 15:43:35,2022-07-20 19:01:10,3,block
462,47.1,1981,lublin,floor_3,63304220,secondary,375000,7962,2022-07-15 10:55:36,2022-07-19 10:55:28,2,block
463,70.33,1993,lublin,floor_1,63308361,secondary,470000,6683,2022-07-16 14:55:01,2022-07-20 12:18:41,3,block
464,66.29,2022,lublin,floor_1,63254754,primary,580000,8749,2022-07-01 13:15:40,2022-07-16 13:17:20,3,block
465,38,2008,lublin,ground_floor,63307911,secondary,350000,9211,2022-07-16 10:02:34,2022-07-21 06:55:06,2,block
466,,,,,,,,,,,,
467,52.97,2024,lublin,floor_2,63154345,primary,604000,11403,2022-06-02 13:04:17,2022-07-11 19:00:41,3,block
468,51,2022,lublin,floor_1,63202324,secondary,525000,10294,2022-06-17 00:44:05,2022-07-24 11:32:40,3,block
469,69.5,2010,lublin,floor_3,63035327,secondary,599000,8619,2022-04-29 16:12:03,2022-07-18 10:19:20,3,block
470,67,2007,lublin,floor_3,62964716,secondary,520000,7761,2022-04-07 20:15:06,2022-07-11 19:47:46,3,block
471,54.55,2021,lublin,floor_4,62868921,secondary,600000,10999,2022-03-12 00:18:12,2022-07-18 19:07:05,3,block
472,,,,,,,,,,,,
473,,,,,,,,,,,,
474,,,,,,,,,,,,
475,,,,,,,,,,,,
476,,,,,,,,,,,,
477,,,,,,,,,,,,
478,,,,,,,,,,,,
479,,,,,,,,,,,,
480,54.51,2022,lublin,floor_4,61670208,primary,441531,8100,2021-03-26 11:40:36,2022-07-19 15:30:10,3,block
481,51.1,2022,lublin,floor_1,61687948,primary,413910,8100,2021-03-31 15:00:42,2022-06-30 14:47:22,3,block
482,33.53,2024,lublin,floor_2,63154824,primary,424500,12660,2022-06-02 14:16:00,2022-07-20 08:46:02,1,block
483,,,,,,,,,,,,
484,,,,,,,,,,,,
485,41,1990,lublin,floor_10,63307286,secondary,328000,8000,2022-07-15 20:35:57,2022-07-20 10:35:07,2,block
486,70.3,1980,lublin,floor_2,63307267,secondary,897000,12760,2022-07-15 20:20:27,2022-07-15 20:37:39,4,block
487,42.57,2022,lublin,floor_3,63101352,primary,293733,6900,2022-05-19 09:41:08,2022-07-21 11:21:37,2,apartment
488,44,2022,lublin,floor_3,63265602,primary,303738,6903,2022-07-05 12:04:51,2022-07-21 11:21:44,2,apartment
489,,,,,,,,,,,,
490,60.3,1983,lublin,floor_4,63204944,secondary,429000,7114,2022-06-17 13:31:21,2022-07-17 13:47:03,3,block
491,73,2001,lublin,floor_4,63212510,secondary,535000,7329,2022-06-20 13:33:36,2022-07-20 13:46:14,3,block
492,44.23,1953,lublin,ground_floor,63249623,secondary,395000,8931,2022-06-30 10:52:37,2022-07-15 16:02:42,2,block
493,67.22,1910,lublin,floor_1,63225821,secondary,849000,12630,2022-06-23 12:24:55,2022-07-23 12:31:21,3,tenement
494,,,,,,,,,,,,
495,49.44,2010,lublin,floor_1,63194342,secondary,425000,8596,2022-06-13 17:11:18,2022-07-21 16:22:05,2,block
496,50,2006,lublin,floor_1,63301016,secondary,499000,9980,2022-07-14 13:16:12,2022-07-16 12:52:12,3,block
497,89.1,1981,lublin,ground_floor,63304250,secondary,680000,7632,2022-07-15 11:02:27,2022-07-15 14:55:44,4,block
498,,,,,,,,,,,,
499,,,,,,,,,,,,
500,52.8,2006,lublin,floor_1,63296914,secondary,460000,8712,2022-07-13 13:23:31,2022-07-15 14:56:25,2,block
501,76.6,2010,lublin,floor_1,63294224,secondary,667000,8708,2022-07-12 17:21:43,2022-07-15 14:57:32,4,block
502,48.2,1981,lublin,floor_5,63305538,secondary,400000,8299,2022-07-15 14:15:26,2022-07-16 15:43:49,3,block
503,,,,,,,,,,,,
504,,,,,,,,,,,,
505,,,,,,,,,,,,
506,61.37,1970,lublin,floor_5,62862053,secondary,640000,10429,2022-03-10 13:11:15,2022-07-15 13:47:18,3,block
507,,,,,,,,,,,,
508,,,,,,,,,,,,
509,65.7,1995,lublin,floor_3,63142395,secondary,410000,6240,2022-05-30 17:35:26,2022-07-15 11:54:51,4,block
510,52.8,1987,lublin,floor_3,63086001,secondary,422400,8000,2022-05-16 10:41:25,2022-07-15 11:00:38,2,block
511,57.7,1977,lublin,floor_3,63247368,secondary,495000,8579,2022-06-29 17:11:39,2022-07-15 10:32:22,4,block
512,93.91,2021,lublin,floor_1,63198657,secondary,1099000,11703,2022-06-15 09:53:29,2022-07-18 18:35:25,4,apartment
513,,,,,,,,,,,,
514,66.08,2008,lublin,ground_floor,63129518,secondary,593000,8974,2022-05-26 15:10:49,2022-07-17 15:46:49,3,block
515,85,1978,lublin,floor_3,63022329,secondary,630000,7412,2022-04-26 15:50:58,2022-07-22 16:12:31,5,block
516,,,,,,,,,,,,
517,45.69,1970,lublin,floor_1,63303271,secondary,455000,9958,2022-07-14 21:55:19,2022-07-15 10:25:15,2,block
518,65.5,2018,lublin,floor_2,63007943,secondary,599000,9145,2022-04-21 20:15:23,2022-07-20 21:00:13,3,block
519,48.3,2011,lublin,floor_3,63132447,secondary,399000,8261,2022-05-27 12:50:45,2022-07-23 15:24:06,2,block
520,128.16,2018,lublin,floor_1,63119882,secondary,1060000,8271,2022-05-24 13:52:24,2022-07-23 14:16:09,6,apartment
521,54.7,1967,lublin,floor_1,63051972,secondary,489000,8940,2022-05-06 11:42:57,2022-07-18 16:04:07,3,block
522,48.3,1980,lublin,ground_floor,63040569,secondary,384000,7950,2022-05-02 13:52:35,2022-07-15 13:04:08,2,block
523,,,,,,,,,,,,
524,,,,,,,,,,,,
525,56.68,2005,lublin,floor_3,62997066,secondary,469000,8275,2022-04-19 12:32:06,2022-07-21 15:55:21,3,block
526,57.9,1980,lublin,floor_3,62811109,secondary,494000,8532,2022-02-24 10:12:22,2022-07-24 11:15:22,4,block
527,50.89,1972,lublin,floor_4,63145428,secondary,360000,7074,2022-05-31 13:52:54,2022-07-12 14:53:58,3,block
528,72,2011,lublin,ground_floor,62660687,secondary,709000,9847,2022-01-14 13:42:00,2022-07-13 15:00:53,4,block
529,29.79,2022,lublin,floor_1,63052066,primary,268110,9000,2022-05-06 12:01:02,2022-07-12 17:30:51,1,block
530,34,1965,lublin,floor_3,62808279,secondary,329000,9676,2022-02-23 14:32:32,2022-07-23 15:45:33,1,block
531,58,1975,lublin,floor_4,62924017,secondary,489000,8431,2022-03-28 11:42:06,2022-07-12 13:42:09,4,block
532,48.85,1968,lublin,floor_3,62469719,secondary,439000,8987,2021-11-08 14:11:27,2022-07-08 13:45:18,3,block
533,55,1970,lublin,floor_1,62403518,secondary,449000,8164,2021-10-19 12:22:19,2022-07-13 15:43:58,3,block
534,,,,,,,,,,,,
535,55.6,1966,lublin,floor_1,63240495,secondary,489000,8795,2022-06-28 10:31:28,2022-07-15 10:32:14,3,block
536,35.1,1970,lublin,floor_4,63304055,secondary,329000,9373,2022-07-15 10:23:45,2022-07-15 10:24:59,2,block
537,41.17,2021,lublin,floor_2,62570348,primary,366413,8900,2021-12-09 22:12:12,2022-07-14 15:27:36,2,apartment
538,,,,,,,,,,,,
539,,,,,,,,,,,,
540,69,2022,lublin,floor_2,63041345,secondary,567318,8222,2022-05-02 23:10:53,2022-07-21 16:20:10,4,block
541,34.7,2008,lublin,floor_3,62862497,secondary,339000,9769,2022-03-10 14:11:38,2022-07-22 14:20:10,1,block
542,75.23,2023,lublin,ground_floor,63085789,primary,703400,9350,2022-05-16 10:05:27,2022-07-18 10:54:24,4,block
543,57.31,2010,lublin,floor_2,62831600,secondary,475000,8288,2022-03-02 11:31:15,2022-07-19 02:55:04,3,block
544,59.38,2020,lublin,floor_2,63151518,secondary,549000,9246,2022-06-01 16:10:59,2022-07-21 18:01:42,3,block
545,48.07,80,lublin,floor_3,62832731,secondary,349000,7260,2022-03-02 13:46:54,2022-07-16 14:43:41,2,block
546,45.64,1970,lublin,floor_10,62955413,secondary,309000,6770,2022-04-05 16:33:42,2022-07-22 15:56:45,3,block
547,37.57,1959,lublin,ground_floor,62825509,secondary,389000,10354,2022-02-28 20:41:50,2022-07-19 13:13:13,2,block
548,,,,,,,,,,,,
549,49.92,2022,lublin,floor_1,61868077,primary,404352,8100,2021-05-19 12:51:09,2022-07-15 09:00:55,3,block
550,39.91,2023,lublin,floor_3,62459235,primary,351208,8800,2021-11-04 17:20:37,2022-07-15 08:57:15,2,block
551,,,,,,,,,,,,
552,39,1976,lublin,floor_7,63303554,secondary,325000,8333,2022-07-15 00:44:58,2022-07-18 10:45:18,2,block
553,27.46,2022,lublin,floor_5,63303032,secondary,346000,12600,2022-07-14 19:55:20,2022-07-14 23:38:05,1,block
554,64.7,1961,lublin,floor_2,63248177,secondary,515000,7960,2022-06-29 21:34:27,2022-07-14 21:37:45,4,block
555,50.1,2022,lublin,floor_1,63302190,secondary,537900,10737,2022-07-14 15:56:15,2022-07-14 20:53:15,3,block
556,37,1972,lublin,floor_4,63252538,secondary,398000,10757,2022-06-30 20:18:44,2022-07-22 20:28:17,2,block
557,70.81,2023,lublin,floor_2,63292777,primary,623128,8800,2022-07-12 13:53:03,2022-07-14 19:55:13,4,block
558,42.36,2023,lublin,floor_1,63292774,primary,402420,9500,2022-07-12 13:52:58,2022-07-14 19:55:15,2,block
559,48.98,1980,lublin,floor_4,63301995,secondary,409000,8350,2022-07-14 15:35:30,2022-07-14 19:55:26,3,block
560,61,1978,lublin,floor_10,63302342,secondary,499000,8180,2022-07-14 16:25:05,2022-07-14 19:55:28,4,block
561,49,1980,lublin,floor_4,63301996,secondary,389000,7939,2022-07-14 15:35:34,2022-07-14 19:55:29,3,block
562,59.68,2023,lublin,floor_1,63292775,primary,555024,9300,2022-07-12 13:53:00,2022-07-14 19:55:23,3,block
563,67.5,2022,lublin,floor_4,62931002,primary,599000,8874,2022-03-29 17:38:36,2022-07-14 18:47:11,3,apartment
564,,,,,,,,,,,,
565,52,1954,lublin,floor_2,63153193,secondary,369000,7096,2022-06-02 09:53:09,2022-07-22 10:13:56,2,block
566,48.07,1980,lublin,floor_3,63025973,secondary,349000,7260,2022-04-27 14:21:07,2022-07-22 13:52:58,2,block
567,41.6,1965,lublin,floor_2,63242161,secondary,388000,9327,2022-06-28 14:55:31,2022-07-22 10:09:16,2,block
568,29,1920,lublin,floor_1,63300904,secondary,174000,6000,2022-07-14 12:55:07,2022-07-22 16:55:32,1,tenement
569,87.1,1994,lublin,floor_4,63300909,secondary,521000,5982,2022-07-14 12:55:33,2022-07-14 13:09:29,4,block
570,35.2,2022,lublin,ground_floor,63245765,primary,390000,11080,2022-06-29 13:08:02,2022-07-20 09:10:15,2,block
571,39.5,2022,lublin,floor_3,63250322,primary,345000,8734,2022-06-30 12:53:02,2022-07-22 12:54:26,2,apartment
572,85.3,1980,lublin,floor_2,63299855,secondary,515000,6038,2022-07-14 09:41:57,2022-07-18 15:46:05,4,block
573,,,,,,,,,,,,
574,42.91,2022,lublin,floor_4,63196801,primary,359000,8366,2022-06-14 12:16:08,2022-07-19 23:21:35,2,block
575,53.34,2010,lublin,floor_1,63146397,secondary,448000,8399,2022-05-31 14:43:29,2022-07-18 16:04:10,2,block
576,,,,,,,,,,,,
577,64,2006,lublin,floor_2,63042413,secondary,519000,8109,2022-05-03 16:56:07,2022-07-19 07:44:21,3,block
578,,,,,,,,,,,,
579,64.38,2004,lublin,floor_3,63008482,secondary,515000,7999,2022-04-22 05:11:20,2022-07-22 19:01:55,2,block
580,,,,,,,,,,,,
581,,,,,,,,,,,,
582,25.78,2022,lublin,floor_1,63127376,primary,299000,11598,2022-05-26 10:15:13,2022-07-21 17:00:03,1,block
583,44.8,1995,lublin,ground_floor,63094174,secondary,434560,9700,2022-05-17 18:20:11,2022-07-15 06:05:29,2,block
584,,,,,,,,,,,,
585,,,,,,,,,,,,
586,51.18,2023,lublin,floor_3,62632642,primary,440148,8600,2022-01-05 15:22:30,2022-07-22 10:17:15,3,block
587,,,,,,,,,,,,
588,57.51,2012,lublin,floor_1,62635738,secondary,549000,9546,2022-01-06 19:30:12,2022-07-21 14:54:07,3,block
589,57,2017,lublin,ground_floor,63194286,secondary,549000,9632,2022-06-13 16:58:42,2022-07-21 12:12:38,3,block
590,60.6,1985,lublin,floor_4,62944659,secondary,399000,6584,2022-04-02 09:37:12,2022-07-11 10:33:06,3,block
591,43.62,2023,lublin,floor_2,62632925,primary,383856,8800,2022-01-05 15:55:51,2022-07-22 10:17:18,2,block
592,56.15,2023,lublin,floor_1,62632360,primary,482890,8600,2022-01-05 14:59:36,2022-07-22 10:17:08,3,block
593,,,,,,,,,,,,
594,,,,,,,,,,,,
595,,,,,,,,,,,,
596,65,2010,lublin,floor_4,63299353,secondary,795000,12231,2022-07-14 00:00:41,2022-07-24 00:04:55,3,apartment
597,,,,,,,,,,,,
598,54.31,2019,lublin,floor_2,63297660,secondary,530000,9759,2022-07-13 15:15:04,2022-07-18 11:15:57,3,block
599,69,2000,lublin,floor_1,63243623,secondary,575000,8333,2022-06-28 21:02:21,2022-07-24 14:48:48,4,block
600,48.11,1980,lublin,ground_floor,63094433,secondary,399000,8293,2022-05-17 18:31:43,2022-07-16 19:15:38,2,block
601,68.5,1974,lublin,floor_1,62686094,secondary,500000,7299,2022-01-21 14:53:16,2022-07-20 16:15:37,4,block
602,61.15,2021,lublin,floor_2,63248021,secondary,750000,12265,2022-06-29 20:20:46,2022-07-21 20:33:10,3,block
603,,,,,,,,,,,,
604,47.5,1965,lublin,floor_2,63262930,secondary,299999,6316,2022-07-04 16:33:38,2022-07-16 18:41:50,3,block
605,,,,,,,,,,,,
606,36.21,1975,lublin,floor_6,62813244,secondary,389000,10743,2022-02-24 15:52:25,2022-07-24 15:00:49,2,block
607,57.53,2015,lublin,floor_4,63297510,secondary,575000,9995,2022-07-13 14:55:32,2022-07-20 12:18:13,3,block
608,33.2,1981,lublin,ground_floor,63242168,secondary,349000,10512,2022-06-28 14:55:50,2022-07-22 10:08:49,2,block
609,61.8,1998,lublin,floor_3,63295642,secondary,439000,7104,2022-07-13 09:55:22,2022-07-23 17:37:22,3,block
610,57.7,1985,lublin,ground_floor,63296713,secondary,499500,8657,2022-07-13 12:54:55,2022-07-13 14:41:12,4,block
611,48,2022,lublin,floor_1,63297262,primary,440000,9167,2022-07-13 14:21:36,2022-07-23 14:22:50,2,apartment
612,47.2,1976,lublin,floor_8,63296906,secondary,329000,6970,2022-07-13 13:23:15,2022-07-23 13:03:28,2,block
613,,,,,,,,,,,,
614,50.86,2022,lublin,ground_floor,63292000,secondary,528000,10381,2022-07-12 12:15:33,2022-07-13 13:22:46,3,block
615,40,2018,lublin,floor_2,63296114,secondary,499000,12475,2022-07-13 11:25:25,2022-07-13 13:22:59,2,apartment
616,,,,,,,,,,,,
617,,,,,,,,,,,,
618,40.5,2022,lublin,ground_floor,63144238,primary,425000,10494,2022-05-31 10:53:47,2022-07-14 11:55:59,2,apartment
619,,,,,,,,,,,,
620,40.19,2023,lublin,floor_1,62649101,primary,329558,8200,2022-01-11 16:20:36,2022-07-15 10:15:20,2,block
621,64.9,1995,lublin,ground_floor,63296580,secondary,519000,7997,2022-07-13 12:36:25,2022-07-13 12:38:17,3,block
622,79,2013,lublin,floor_1,63199648,secondary,730000,9241,2022-06-15 12:31:01,2022-07-22 11:33:14,3,block
623,,,,,,,,,,,,
624,40.19,2023,lublin,floor_1,62649102,primary,329558,8200,2022-01-11 16:20:37,2022-07-22 11:34:25,2,block
625,,,,,,,,,,,,
626,70,2011,lublin,floor_3,63199538,secondary,659000,9414,2022-06-15 12:06:04,2022-07-23 12:31:31,3,block
627,29.51,1910,lublin,ground_floor,63198978,secondary,255000,8641,2022-06-15 10:16:35,2022-07-22 11:06:47,2,tenement
628,,,,,,,,,,,,
629,49.62,2018,lublin,floor_1,62951783,secondary,446000,8988,2022-04-04 18:50:34,2022-07-13 11:05:07,2,block
630,53.1,1995,lublin,ground_floor,63295912,secondary,389000,7326,2022-07-13 10:52:47,2022-07-13 10:59:21,2,block
631,47,1979,lublin,floor_1,62978188,secondary,355000,7553,2022-04-12 12:21:16,2022-07-20 11:15:24,3,block
632,59.7,1989,lublin,floor_4,63196080,secondary,430000,7203,2022-06-14 09:40:47,2022-07-24 09:46:40,3,block
633,61.18,1960,lublin,ground_floor,63295979,secondary,515000,8418,2022-07-13 10:57:13,2022-07-13 10:59:50,3,tenement
634,56.57,2019,lublin,floor_3,63213997,secondary,595000,10518,2022-06-20 17:11:34,2022-07-20 17:16:02,2,block
635,,,,,,,,,,,,
636,,,,,,,,,,,,
637,,,,,,,,,,,,
638,62.4,1999,lublin,floor_3,63081277,secondary,519000,8317,2022-05-13 18:04:10,2022-07-14 13:13:16,3,block
639,48,1978,lublin,floor_4,63149245,secondary,419000,8729,2022-06-01 11:20:57,2022-07-23 15:24:35,2,block
640,50.95,1957,lublin,floor_2,63000396,secondary,429000,8420,2022-04-20 11:02:30,2022-07-19 11:46:08,2,tenement
