,id,createdTime,lastRefresh,price,location,price_per_m,floor_select,furniture,market,builttype,m,rooms
0,768363364,2022-07-12T07:31:33+02:00,2022-07-12T08:46:09+02:00,369000.0,Lublin,8413.13,floor_3,yes,primary,blok,43.86,two
1,770669865,2022-07-23T17:10:10+02:00,2022-07-23T17:15:01+02:00,320000.0,Lublin,8350.73,floor_9,yes,secondary,blok,38.32,two
2,770827035,2022-07-24T17:17:46+02:00,2022-07-24T17:22:19+02:00,280000.0,Lublin,7179.49,floor_7,yes,primary,blok,39,two
3,743922570,2022-03-16T23:10:21+01:00,2022-07-24T15:45:34+02:00,599999.99,Lublin,8571.43,floor_3,yes,secondary,blok,70,three
4,760211383,2022-06-02T10:20:27+02:00,2022-07-24T15:37:09+02:00,480000.0,Lublin,7993.34,floor_3,no,secondary,blok,60.05,three
5,724763899,2021-12-17T14:26:11+01:00,2022-07-24T15:12:26+02:00,799000.0,Lublin,5435.37,floor_4,yes,secondary,blok,147,four
6,761005539,2022-06-06T16:35:04+02:00,2022-07-24T14:32:15+02:00,320000.0,Lublin,8434.37,floor_0,no,secondary,blok,37.94,two
7,733564783,2022-01-29T21:30:25+01:00,2022-07-23T23:44:14+02:00,335000.0,Lublin,6442.31,floor_1,no,secondary,kamienica,52,two
8,731610120,2022-01-21T17:19:59+01:00,2022-07-11T08:06:25+02:00,385000.0,Lublin,8260.03,floor_0,no,primary,blok,46.61,two
9,766454304,2022-07-03T13:17:42+02:00,2022-07-17T13:32:26+02:00,415000.0,Lublin,7745.43,floor_1,no,primary,blok,53.58,three
10,770786841,2022-07-24T14:00:47+02:00,2022-07-24T14:06:25+02:00,320000.0,Lublin,8888.89,floor_2,no,secondary,blok,36,two
11,756469539,2022-05-14T22:16:39+02:00,2022-07-24T13:15:10+02:00,325000.0,Lublin,6993.76,floor_1,yes,secondary,blok,46.47,three
12,761246546,2022-06-07T19:00:30+02:00,2022-07-24T12:43:49+02:00,348000.0,Lublin,9482.29,floor_9,no,secondary,blok,36.7,two
13,749834699,2022-04-11T11:22:01+02:00,2022-07-24T12:29:39+02:00,490000.0,Lublin,7971.37,floor_3,yes,secondary,blok,61.47,four
14,768069694,2022-07-10T21:33:12+02:00,2022-07-23T12:07:43+02:00,640000.0,Lublin,8938.55,floor_1,yes,secondary,blok,71.6,three
15,757128801,2022-05-18T00:09:03+02:00,2022-07-24T11:32:24+02:00,380000.0,Lublin,7916.67,,yes,secondary,blok,48,three
16,767728613,2022-07-09T11:39:37+02:00,2022-07-24T13:52:20+02:00,1800000.0,Lublin,12000,floor_3,yes,secondary,blok,150,four
17,672024474,2021-04-16T21:53:02+02:00,2022-07-22T21:20:16+02:00,680000.0,Lublin,8000,floor_4,yes,secondary,kamienica,85,three
18,764046725,2022-06-22T14:27:54+02:00,2022-07-22T21:56:22+02:00,525000.0,Lublin,10294.12,floor_1,yes,secondary,blok,51,three
19,763896029,2022-06-21T19:24:34+02:00,2022-07-24T09:52:11+02:00,429000.0,Lublin,9326.09,floor_3,yes,secondary,blok,46,two
20,767527339,2022-07-08T12:57:07+02:00,2022-07-24T09:49:56+02:00,500000.0,Lublin,9259.26,floor_3,yes,secondary,blok,54,two
21,766454304,2022-07-03T13:17:42+02:00,2022-07-17T13:32:26+02:00,415000.0,Lublin,7745.43,floor_1,no,primary,blok,53.58,three
22,768069694,2022-07-10T21:33:12+02:00,2022-07-23T12:07:43+02:00,640000.0,Lublin,8938.55,floor_1,yes,secondary,blok,71.6,three
23,739359481,2022-02-23T11:46:19+01:00,2022-07-24T09:26:11+02:00,299000.0,Lublin,6229.17,floor_9,no,secondary,blok,48,three
24,724070172,2021-12-14T12:29:49+01:00,2022-07-24T09:11:39+02:00,379000.0,Lublin,9475,floor_3,yes,secondary,blok,40,two
25,770729962,2022-07-24T08:51:14+02:00,2022-07-24T08:53:20+02:00,599999.0,Lublin,11439.45,floor_5,yes,secondary,blok,52.45,two
26,733564783,2022-01-29T21:30:25+01:00,2022-07-23T23:44:14+02:00,335000.0,Lublin,6442.31,floor_1,no,secondary,kamienica,52,two
27,731671054,2022-01-21T22:13:48+01:00,2022-07-23T23:19:17+02:00,520000.0,Lublin,6933.33,floor_0,no,secondary,blok,75,four
28,767352545,2022-07-07T15:59:00+02:00,2022-07-23T21:11:04+02:00,499000.0,Lublin,8910.71,,yes,secondary,blok,56,two
29,766947452,2022-07-05T20:04:47+02:00,2022-07-20T12:36:05+02:00,430000.0,Lublin,8620.69,floor_2,no,secondary,blok,49.88,three
30,756469539,2022-05-14T22:16:39+02:00,2022-07-24T13:15:10+02:00,325000.0,Lublin,6993.76,floor_1,yes,secondary,blok,46.47,three
31,764544292,2022-06-25T10:12:05+02:00,2022-07-22T12:16:13+02:00,524000.0,Lublin,10480,floor_4,yes,secondary,blok,50,three
32,761005539,2022-06-06T16:35:04+02:00,2022-07-24T14:32:15+02:00,320000.0,Lublin,8434.37,floor_0,no,secondary,blok,37.94,two
33,744501317,2022-03-19T16:22:12+01:00,2022-07-23T14:44:32+02:00,339000.0,Lublin,8692.31,floor_7,no,secondary,blok,39,two
34,768094413,2022-07-11T04:30:28+02:00,2022-07-23T17:25:33+02:00,350000.0,Lublin,7777.78,floor_8,yes,secondary,blok,45,three
35,692854128,2021-08-08T14:01:31+02:00,2022-07-23T15:52:55+02:00,675000.0,Lublin,9121.62,floor_1,yes,secondary,kamienica,74,three
36,767846521,2022-07-09T21:36:57+02:00,2022-07-23T13:25:59+02:00,435000.0,Lublin,9841.63,floor_4,yes,secondary,blok,44.2,three
37,770198813,2022-07-20T22:57:15+02:00,2022-07-23T13:17:30+02:00,322000.0,Lublin,10637.59,floor_0,yes,secondary,apartamentowiec,30.27,one
38,754645033,2022-05-06T10:11:42+02:00,2022-07-23T12:04:46+02:00,465000.0,Lublin,9893.62,floor_3,yes,secondary,blok,47,three
39,768363364,2022-07-12T07:31:33+02:00,2022-07-12T08:46:09+02:00,369000.0,Lublin,8413.13,floor_3,yes,primary,blok,43.86,two
40,672024474,2021-04-16T21:53:02+02:00,2022-07-22T21:20:16+02:00,680000.0,Lublin,8000,floor_4,yes,secondary,kamienica,85,three
41,770669865,2022-07-23T17:10:10+02:00,2022-07-23T17:15:01+02:00,320000.0,Lublin,8350.73,floor_9,yes,secondary,blok,38.32,two
42,769234586,2022-07-16T08:02:01+02:00,2022-07-23T10:08:21+02:00,639000.0,Lublin,8602.58,floor_3,yes,secondary,blok,74.28,four
43,724763899,2021-12-17T14:26:11+01:00,2022-07-24T15:12:26+02:00,799000.0,Lublin,5435.37,floor_4,yes,secondary,blok,147,four
44,766454304,2022-07-03T13:17:42+02:00,2022-07-17T13:32:26+02:00,415000.0,Lublin,7745.43,floor_1,no,primary,blok,53.58,three
45,766947452,2022-07-05T20:04:47+02:00,2022-07-20T12:36:05+02:00,430000.0,Lublin,8620.69,floor_2,no,secondary,blok,49.88,three
46,751409322,2022-04-20T11:33:44+02:00,2022-07-16T04:34:09+02:00,365000.0,Lublin,8004.39,floor_3,no,secondary,blok,45.6,three
47,768069694,2022-07-10T21:33:12+02:00,2022-07-23T12:07:43+02:00,640000.0,Lublin,8938.55,floor_1,yes,secondary,blok,71.6,three
48,761461639,2022-06-08T16:46:34+02:00,2022-07-23T09:25:22+02:00,595000.0,Lublin,10508.65,floor_3,no,secondary,blok,56.62,two
49,757111083,2022-05-17T21:56:31+02:00,2022-07-23T09:24:15+02:00,450000.0,Lublin,7772.02,floor_3,yes,secondary,blok,57.9,three
50,767743928,2022-07-09T12:45:10+02:00,2022-07-23T08:42:28+02:00,289000.0,Lublin,9031.25,floor_0,yes,secondary,blok,32,two
51,770578955,2022-07-23T08:11:26+02:00,2022-07-23T08:13:36+02:00,485000.0,Lublin,7760,floor_3,yes,secondary,blok,62.5,three
52,770576657,2022-07-23T07:24:13+02:00,2022-07-23T07:31:30+02:00,450000.0,Lublin,7537.69,floor_1,yes,secondary,blok,59.7,four
53,754491961,2022-05-05T15:27:09+02:00,2022-07-23T06:36:11+02:00,529000.0,Lublin,9120.69,floor_3,yes,secondary,blok,58,two
54,733564783,2022-01-29T21:30:25+01:00,2022-07-23T23:44:14+02:00,335000.0,Lublin,6442.31,floor_1,no,secondary,kamienica,52,two
55,769516784,2022-07-17T17:53:46+02:00,2022-07-17T17:59:39+02:00,455000.0,Lublin,11375,floor_1,yes,secondary,blok,40,two
56,761005539,2022-06-06T16:35:04+02:00,2022-07-24T14:32:15+02:00,320000.0,Lublin,8434.37,floor_0,no,secondary,blok,37.94,two
57,764805522,2022-06-26T21:19:50+02:00,2022-07-23T06:14:10+02:00,414120.0,Lublin,8700,floor_4,no,secondary,blok,47.6,two
58,764046725,2022-06-22T14:27:54+02:00,2022-07-22T21:56:22+02:00,525000.0,Lublin,10294.12,floor_1,yes,secondary,blok,51,three
59,672024474,2021-04-16T21:53:02+02:00,2022-07-22T21:20:16+02:00,680000.0,Lublin,8000,floor_4,yes,secondary,kamienica,85,three
60,770502645,2022-07-22T16:09:31+02:00,2022-07-22T19:57:24+02:00,375000.0,Lublin,7812.5,floor_0,yes,secondary,blok,48,three
61,770729962,2022-07-24T08:51:14+02:00,2022-07-24T08:53:20+02:00,599999.0,Lublin,11439.45,floor_5,yes,secondary,blok,52.45,two
62,757128801,2022-05-18T00:09:03+02:00,2022-07-24T11:32:24+02:00,380000.0,Lublin,7916.67,,yes,secondary,blok,48,three
63,770669865,2022-07-23T17:10:10+02:00,2022-07-23T17:15:01+02:00,320000.0,Lublin,8350.73,floor_9,yes,secondary,blok,38.32,two
64,770524287,2022-07-22T18:12:51+02:00,2022-07-22T18:18:24+02:00,339000.0,Lublin,10272.73,floor_4,yes,secondary,blok,33,two
65,769888358,2022-07-19T13:56:04+02:00,2022-07-22T18:04:20+02:00,3400000.0,Lublin,70833.33,floor_3,yes,secondary,blok,48,three
66,767178543,2022-07-06T20:24:31+02:00,2022-07-22T17:49:41+02:00,410000.0,Lublin,10512.82,floor_3,no,secondary,blok,39,two
67,746118783,2022-03-26T16:48:29+01:00,2022-07-22T17:38:48+02:00,489000.0,Lublin,6269.23,floor_1,yes,secondary,pozostale,78,three
68,756659317,2022-05-15T21:35:17+02:00,2022-07-22T17:08:31+02:00,399000.0,Lublin,8278.01,floor_3,yes,secondary,blok,48.2,three
69,751409322,2022-04-20T11:33:44+02:00,2022-07-16T04:34:09+02:00,365000.0,Lublin,8004.39,floor_3,no,secondary,blok,45.6,three
70,770729962,2022-07-24T08:51:14+02:00,2022-07-24T08:53:20+02:00,599999.0,Lublin,11439.45,floor_5,yes,secondary,blok,52.45,two
71,672024474,2021-04-16T21:53:02+02:00,2022-07-22T21:20:16+02:00,680000.0,Lublin,8000,floor_4,yes,secondary,kamienica,85,three
72,661990037,2021-03-04T11:49:47+01:00,2022-07-22T16:08:13+02:00,415000.0,Lublin,8645.83,floor_3,yes,secondary,blok,48,three
73,770493831,2022-07-22T15:25:03+02:00,2022-07-22T15:27:11+02:00,579000.0,Lublin,5594.2,floor_3,yes,secondary,blok,103.5,four
74,759250710,2022-05-28T13:08:00+02:00,2022-07-22T15:20:37+02:00,330000.0,Lublin,7249.56,floor_0,no,secondary,blok,45.52,three
75,756225010,2022-05-13T15:20:01+02:00,2022-07-18T08:49:27+02:00,289000.0,Lublin,7605.26,floor_1,yes,secondary,kamienica,38,two
76,769516784,2022-07-17T17:53:46+02:00,2022-07-17T17:59:39+02:00,455000.0,Lublin,11375,floor_1,yes,secondary,blok,40,two
77,767743928,2022-07-09T12:45:10+02:00,2022-07-23T08:42:28+02:00,289000.0,Lublin,9031.25,floor_0,yes,secondary,blok,32,two
78,770198813,2022-07-20T22:57:15+02:00,2022-07-23T13:17:30+02:00,322000.0,Lublin,10637.59,floor_0,yes,secondary,apartamentowiec,30.27,one
79,766947452,2022-07-05T20:04:47+02:00,2022-07-20T12:36:05+02:00,430000.0,Lublin,8620.69,floor_2,no,secondary,blok,49.88,three
80,766454304,2022-07-03T13:17:42+02:00,2022-07-17T13:32:26+02:00,415000.0,Lublin,7745.43,floor_1,no,primary,blok,53.58,three
81,769763214,2022-07-18T20:20:27+02:00,2022-07-20T18:31:10+02:00,590000.0,Lublin,10651.74,floor_8,yes,secondary,apartamentowiec,55.39,two
82,770669865,2022-07-23T17:10:10+02:00,2022-07-23T17:15:01+02:00,320000.0,Lublin,8350.73,floor_9,yes,secondary,blok,38.32,two
83,764544292,2022-06-25T10:12:05+02:00,2022-07-22T12:16:13+02:00,524000.0,Lublin,10480,floor_4,yes,secondary,blok,50,three
84,767728613,2022-07-09T11:39:37+02:00,2022-07-24T13:52:20+02:00,1800000.0,Lublin,12000,floor_3,yes,secondary,blok,150,four
85,733564783,2022-01-29T21:30:25+01:00,2022-07-23T23:44:14+02:00,335000.0,Lublin,6442.31,floor_1,no,secondary,kamienica,52,two
86,770198813,2022-07-20T22:57:15+02:00,2022-07-23T13:17:30+02:00,322000.0,Lublin,10637.59,floor_0,yes,secondary,apartamentowiec,30.27,one
87,768069694,2022-07-10T21:33:12+02:00,2022-07-23T12:07:43+02:00,640000.0,Lublin,8938.55,floor_1,yes,secondary,blok,71.6,three
88,769763214,2022-07-18T20:20:27+02:00,2022-07-20T18:31:10+02:00,590000.0,Lublin,10651.74,floor_8,yes,secondary,apartamentowiec,55.39,two
89,749834699,2022-04-11T11:22:01+02:00,2022-07-24T12:29:39+02:00,490000.0,Lublin,7971.37,floor_3,yes,secondary,blok,61.47,four
90,672024474,2021-04-16T21:53:02+02:00,2022-07-22T21:20:16+02:00,680000.0,Lublin,8000,floor_4,yes,secondary,kamienica,85,three
91,766454304,2022-07-03T13:17:42+02:00,2022-07-17T13:32:26+02:00,415000.0,Lublin,7745.43,floor_1,no,primary,blok,53.58,three
92,751409322,2022-04-20T11:33:44+02:00,2022-07-16T04:34:09+02:00,365000.0,Lublin,8004.39,floor_3,no,secondary,blok,45.6,three
93,757128801,2022-05-18T00:09:03+02:00,2022-07-24T11:32:24+02:00,380000.0,Lublin,7916.67,,yes,secondary,blok,48,three
94,746524410,2022-03-28T13:22:02+02:00,2022-07-14T12:26:09+02:00,369000.0,Lublin,8581.4,floor_3,no,secondary,blok,43,two
95,764046725,2022-06-22T14:27:54+02:00,2022-07-22T21:56:22+02:00,525000.0,Lublin,10294.12,floor_1,yes,secondary,blok,51,three
96,751409322,2022-04-20T11:33:44+02:00,2022-07-16T04:34:09+02:00,365000.0,Lublin,8004.39,floor_3,no,secondary,blok,45.6,three
97,768069694,2022-07-10T21:33:12+02:00,2022-07-23T12:07:43+02:00,640000.0,Lublin,8938.55,floor_1,yes,secondary,blok,71.6,three
98,764046725,2022-06-22T14:27:54+02:00,2022-07-22T21:56:22+02:00,525000.0,Lublin,10294.12,floor_1,yes,secondary,blok,51,three
99,761005539,2022-06-06T16:35:04+02:00,2022-07-24T14:32:15+02:00,320000.0,Lublin,8434.37,floor_0,no,secondary,blok,37.94,two
100,769763214,2022-07-18T20:20:27+02:00,2022-07-20T18:31:10+02:00,590000.0,Lublin,10651.74,floor_8,yes,secondary,apartamentowiec,55.39,two
101,767482421,2022-07-08T10:05:33+02:00,2022-07-22T08:50:55+02:00,430000.0,Lublin,6515.15,floor_0,no,secondary,blok,66,three
102,760880718,2022-06-05T22:36:36+02:00,2022-07-22T08:42:49+02:00,629000.0,Lublin,9250,floor_1,yes,secondary,blok,68,four
103,770396689,2022-07-22T00:26:20+02:00,2022-07-22T00:32:53+02:00,619000.0,Lublin,8597.22,floor_1,no,secondary,blok,72,three
104,763209543,2022-06-18T10:12:16+02:00,2022-07-21T22:54:22+02:00,429000.0,Lublin,8199.54,floor_1,yes,secondary,blok,52.32,two
105,766448307,2022-07-03T12:53:12+02:00,2022-07-21T21:35:09+02:00,399000.0,Lublin,8453.39,floor_6,yes,secondary,blok,47.2,two
106,770198813,2022-07-20T22:57:15+02:00,2022-07-23T13:17:30+02:00,322000.0,Lublin,10637.59,floor_0,yes,secondary,apartamentowiec,30.27,one
107,746524410,2022-03-28T13:22:02+02:00,2022-07-14T12:26:09+02:00,369000.0,Lublin,8581.4,floor_3,no,secondary,blok,43,two
108,662700840,2021-03-07T15:51:30+01:00,2022-07-21T20:50:13+02:00,410000.0,Lublin,8266.13,floor_3,no,secondary,blok,49.6,two
109,770270788,2022-07-21T12:17:54+02:00,2022-07-21T20:05:28+02:00,310000.0,Lublin,7209.3,floor_1,yes,secondary,blok,43,two
110,760503572,2022-06-03T18:34:53+02:00,2022-07-21T20:01:00+02:00,322000.0,Lublin,8702.7,floor_1,no,secondary,blok,37,two
111,763876389,2022-06-21T18:02:33+02:00,2022-07-21T18:20:42+02:00,506000.0,Lublin,11500,floor_1,yes,secondary,blok,44,two
112,766479673,2022-07-03T15:08:20+02:00,2022-07-21T18:19:32+02:00,570000.0,Lublin,8507.46,floor_2,yes,secondary,pozostale,67,four
113,764438569,2022-06-24T15:27:46+02:00,2022-07-21T18:13:11+02:00,615000.0,Lublin,10789.47,floor_2,yes,secondary,blok,57,three
114,759250710,2022-05-28T13:08:00+02:00,2022-07-22T15:20:37+02:00,330000.0,Lublin,7249.56,floor_0,no,secondary,blok,45.52,three
115,764544292,2022-06-25T10:12:05+02:00,2022-07-22T12:16:13+02:00,524000.0,Lublin,10480,floor_4,yes,secondary,blok,50,three
116,731610120,2022-01-21T17:19:59+01:00,2022-07-11T08:06:25+02:00,385000.0,Lublin,8260.03,floor_0,no,primary,blok,46.61,two
117,755524113,2022-05-10T11:14:00+02:00,2022-07-21T18:07:47+02:00,405000.0,Lublin,9000,floor_1,yes,secondary,blok,45,two
118,761005539,2022-06-06T16:35:04+02:00,2022-07-24T14:32:15+02:00,320000.0,Lublin,8434.37,floor_0,no,secondary,blok,37.94,two
119,766947452,2022-07-05T20:04:47+02:00,2022-07-20T12:36:05+02:00,430000.0,Lublin,8620.69,floor_2,no,secondary,blok,49.88,three
120,770298495,2022-07-21T14:11:31+02:00,2022-07-21T14:16:19+02:00,110000.0,Lublin,3125,floor_3,no,secondary,blok,35.2,two
121,757128801,2022-05-18T00:09:03+02:00,2022-07-24T11:32:24+02:00,380000.0,Lublin,7916.67,,yes,secondary,blok,48,three
122,770669865,2022-07-23T17:10:10+02:00,2022-07-23T17:15:01+02:00,320000.0,Lublin,8350.73,floor_9,yes,secondary,blok,38.32,two
123,767728613,2022-07-09T11:39:37+02:00,2022-07-24T13:52:20+02:00,1800000.0,Lublin,12000,floor_3,yes,secondary,blok,150,four
124,770270503,2022-07-21T12:16:56+02:00,2022-07-21T12:25:12+02:00,450000.0,Lublin,7500,floor_3,no,secondary,blok,60,three
125,770576657,2022-07-23T07:24:13+02:00,2022-07-23T07:31:30+02:00,450000.0,Lublin,7537.69,floor_1,yes,secondary,blok,59.7,four
126,764046725,2022-06-22T14:27:54+02:00,2022-07-22T21:56:22+02:00,525000.0,Lublin,10294.12,floor_1,yes,secondary,blok,51,three
127,744501317,2022-03-19T16:22:12+01:00,2022-07-23T14:44:32+02:00,339000.0,Lublin,8692.31,floor_7,no,secondary,blok,39,two
128,749834699,2022-04-11T11:22:01+02:00,2022-07-24T12:29:39+02:00,490000.0,Lublin,7971.37,floor_3,yes,secondary,blok,61.47,four
129,759250710,2022-05-28T13:08:00+02:00,2022-07-22T15:20:37+02:00,330000.0,Lublin,7249.56,floor_0,no,secondary,blok,45.52,three
130,770240747,2022-07-21T10:38:28+02:00,2022-07-21T11:06:20+02:00,200000.0,Lublin,9090.91,floor_0,no,secondary,blok,22,one
131,763008866,2022-06-17T08:58:50+02:00,2022-07-21T10:17:46+02:00,499999.0,Lublin,8680.54,floor_0,yes,secondary,blok,57.6,three
132,768069694,2022-07-10T21:33:12+02:00,2022-07-23T12:07:43+02:00,640000.0,Lublin,8938.55,floor_1,yes,secondary,blok,71.6,three
133,769763214,2022-07-18T20:20:27+02:00,2022-07-20T18:31:10+02:00,590000.0,Lublin,10651.74,floor_8,yes,secondary,apartamentowiec,55.39,two
134,770576657,2022-07-23T07:24:13+02:00,2022-07-23T07:31:30+02:00,450000.0,Lublin,7537.69,floor_1,yes,secondary,blok,59.7,four
135,763452543,2022-06-19T18:23:48+02:00,2022-07-21T09:15:33+02:00,260000.0,Lublin,5000,floor_0,yes,secondary,kamienica,52,two
136,770217015,2022-07-21T08:00:07+02:00,2022-07-21T08:07:24+02:00,360000.0,Lublin,9000,,no,secondary,blok,40,two
137,766454304,2022-07-03T13:17:42+02:00,2022-07-17T13:32:26+02:00,415000.0,Lublin,7745.43,floor_1,no,primary,blok,53.58,three
138,744501317,2022-03-19T16:22:12+01:00,2022-07-23T14:44:32+02:00,339000.0,Lublin,8692.31,floor_7,no,secondary,blok,39,two
139,757128801,2022-05-18T00:09:03+02:00,2022-07-24T11:32:24+02:00,380000.0,Lublin,7916.67,,yes,secondary,blok,48,three
140,758772280,2022-05-25T19:12:46+02:00,2022-07-21T01:21:36+02:00,390000.0,Lublin,10436.18,floor_2,yes,secondary,blok,37.37,two
141,770206215,2022-07-21T00:16:10+02:00,2022-07-21T00:27:22+02:00,409000.0,Lublin,8574.42,floor_2,yes,secondary,blok,47.7,three
142,716197667,2021-11-11T12:04:25+01:00,2022-07-20T22:09:39+02:00,470000.0,Lublin,11750,floor_1,no,secondary,apartamentowiec,40,two
143,770184513,2022-07-20T21:25:17+02:00,2022-07-20T21:31:52+02:00,424000.0,Lublin,7799.85,floor_1,no,primary,apartamentowiec,54.36,three
144,766055456,2022-06-30T22:11:36+02:00,2022-07-20T20:48:43+02:00,419000.0,Lublin,8914.89,floor_1,no,secondary,blok,47,three
145,766796637,2022-07-05T09:44:05+02:00,2022-07-20T20:46:02+02:00,500000.0,Lublin,8064.52,floor_3,yes,secondary,blok,62,three
146,770669865,2022-07-23T17:10:10+02:00,2022-07-23T17:15:01+02:00,320000.0,Lublin,8350.73,floor_9,yes,secondary,blok,38.32,two
147,746524410,2022-03-28T13:22:02+02:00,2022-07-14T12:26:09+02:00,369000.0,Lublin,8581.4,floor_3,no,secondary,blok,43,two
148,733564783,2022-01-29T21:30:25+01:00,2022-07-23T23:44:14+02:00,335000.0,Lublin,6442.31,floor_1,no,secondary,kamienica,52,two
149,740850377,2022-03-02T15:45:35+01:00,2022-07-20T20:41:58+02:00,220000.0,Lublin,4769.13,floor_0,yes,secondary,blok,46.13,two
150,765455422,2022-06-28T10:27:31+02:00,2022-07-20T20:17:13+02:00,530000.0,Lublin,8731.47,floor_0,yes,secondary,blok,60.7,three
151,690940606,2021-07-29T03:11:37+02:00,2022-07-20T19:13:22+02:00,380000.0,Lublin,6561.91,floor_4,no,secondary,blok,57.91,four
152,763267488,2022-06-18T15:14:02+02:00,2022-07-20T16:51:04+02:00,940000.0,Lublin,10561.8,floor_3,yes,secondary,blok,89,four
153,756469539,2022-05-14T22:16:39+02:00,2022-07-24T13:15:10+02:00,325000.0,Lublin,6993.76,floor_1,yes,secondary,blok,46.47,three
154,768363364,2022-07-12T07:31:33+02:00,2022-07-12T08:46:09+02:00,369000.0,Lublin,8413.13,floor_3,yes,primary,blok,43.86,two
155,769516784,2022-07-17T17:53:46+02:00,2022-07-17T17:59:39+02:00,455000.0,Lublin,11375,floor_1,yes,secondary,blok,40,two
156,765719042,2022-06-29T13:03:24+02:00,2022-07-20T15:12:18+02:00,650000.0,Lublin,9558.82,floor_4,yes,secondary,blok,68,four
157,623523173,2020-08-21T11:40:29+02:00,2022-07-20T15:05:24+02:00,350000.0,Lublin,10000,floor_0,yes,secondary,blok,35,two
158,770094380,2022-07-20T14:03:33+02:00,2022-07-20T14:59:49+02:00,415000.0,Lublin,8504.1,floor_1,no,secondary,blok,48.8,three
159,762199848,2022-06-12T18:48:49+02:00,2022-07-20T14:16:21+02:00,659000.0,Lublin,9550.72,floor_3,yes,secondary,blok,69,three
160,767030311,2022-07-06T10:38:46+02:00,2022-07-20T13:51:14+02:00,352000.0,Lublin,7242.8,floor_4,yes,secondary,blok,48.6,two
161,744501317,2022-03-19T16:22:12+01:00,2022-07-23T14:44:32+02:00,339000.0,Lublin,8692.31,floor_7,no,secondary,blok,39,two
162,770729962,2022-07-24T08:51:14+02:00,2022-07-24T08:53:20+02:00,599999.0,Lublin,11439.45,floor_5,yes,secondary,blok,52.45,two
163,766927595,2022-07-05T18:46:22+02:00,2022-07-20T13:34:46+02:00,349000.0,Lublin,9432.43,floor_0,yes,secondary,blok,37,two
164,770076361,2022-07-20T12:49:10+02:00,2022-07-20T12:51:15+02:00,360000.0,Lublin,9409.3,floor_10,yes,secondary,blok,38.26,two
165,766947452,2022-07-05T20:04:47+02:00,2022-07-20T12:36:05+02:00,430000.0,Lublin,8620.69,floor_2,no,secondary,blok,49.88,three
166,742022990,2022-03-08T11:28:33+01:00,2022-07-20T11:24:29+02:00,373000.0,Lublin,9815.79,floor_3,yes,secondary,blok,38,two
167,746524410,2022-03-28T13:22:02+02:00,2022-07-14T12:26:09+02:00,369000.0,Lublin,8581.4,floor_3,no,secondary,blok,43,two
168,764544292,2022-06-25T10:12:05+02:00,2022-07-22T12:16:13+02:00,524000.0,Lublin,10480,floor_4,yes,secondary,blok,50,three
169,753507796,2022-04-30T14:58:53+02:00,2022-07-20T10:49:10+02:00,369000.0,Lublin,10250,floor_2,yes,secondary,blok,36,one
170,770043036,2022-07-20T10:20:43+02:00,2022-07-20T10:22:55+02:00,449850.0,Lublin,9332.99,floor_4,no,secondary,blok,48.2,three
171,767728613,2022-07-09T11:39:37+02:00,2022-07-24T13:52:20+02:00,1800000.0,Lublin,12000,floor_3,yes,secondary,blok,150,four
172,766454304,2022-07-03T13:17:42+02:00,2022-07-17T13:32:26+02:00,415000.0,Lublin,7745.43,floor_1,no,primary,blok,53.58,three
173,768069694,2022-07-10T21:33:12+02:00,2022-07-23T12:07:43+02:00,640000.0,Lublin,8938.55,floor_1,yes,secondary,blok,71.6,three
174,751409322,2022-04-20T11:33:44+02:00,2022-07-16T04:34:09+02:00,365000.0,Lublin,8004.39,floor_3,no,secondary,blok,45.6,three
175,764046725,2022-06-22T14:27:54+02:00,2022-07-22T21:56:22+02:00,525000.0,Lublin,10294.12,floor_1,yes,secondary,blok,51,three
176,756225010,2022-05-13T15:20:01+02:00,2022-07-18T08:49:27+02:00,289000.0,Lublin,7605.26,floor_1,yes,secondary,kamienica,38,two
177,759250710,2022-05-28T13:08:00+02:00,2022-07-22T15:20:37+02:00,330000.0,Lublin,7249.56,floor_0,no,secondary,blok,45.52,three
178,770576657,2022-07-23T07:24:13+02:00,2022-07-23T07:31:30+02:00,450000.0,Lublin,7537.69,floor_1,yes,secondary,blok,59.7,four
179,767425533,2022-07-07T21:32:39+02:00,2022-07-19T23:44:41+02:00,390000.0,Lublin,8586.53,floor_2,no,secondary,blok,45.42,two
180,765618520,2022-06-28T21:17:34+02:00,2022-07-19T23:28:17+02:00,450000.0,Lublin,9375,floor_2,yes,secondary,blok,48,two
181,770004971,2022-07-19T23:10:31+02:00,2022-07-19T23:12:35+02:00,440000.0,Lublin,7213.11,floor_4,yes,secondary,blok,61,three
182,762335260,2022-06-13T14:13:26+02:00,2022-07-19T23:06:12+02:00,310000.0,Lublin,8606.33,floor_5,yes,secondary,blok,36.02,two
183,766941079,2022-07-05T19:39:11+02:00,2022-07-19T22:00:17+02:00,465000.0,Lublin,9198.81,floor_7,no,primary,apartamentowiec,50.55,three
184,766947452,2022-07-05T20:04:47+02:00,2022-07-20T12:36:05+02:00,430000.0,Lublin,8620.69,floor_2,no,secondary,blok,49.88,three
185,749834699,2022-04-11T11:22:01+02:00,2022-07-24T12:29:39+02:00,490000.0,Lublin,7971.37,floor_3,yes,secondary,blok,61.47,four
186,757128801,2022-05-18T00:09:03+02:00,2022-07-24T11:32:24+02:00,380000.0,Lublin,7916.67,,yes,secondary,blok,48,three
187,769980504,2022-07-19T20:52:26+02:00,2022-07-19T21:00:20+02:00,498000.0,Lublin,9960,floor_5,no,secondary,blok,50,three
188,683390589,2021-06-14T14:14:51+02:00,2022-07-19T17:52:31+02:00,225000.0,Lublin,7500,floor_3,no,primary,kamienica,30,one
189,750814321,2022-04-16T14:48:53+02:00,2022-07-19T16:26:00+02:00,394000.0,Lublin,10423.28,floor_4,no,secondary,blok,37.8,two
190,763389039,2022-06-19T13:01:48+02:00,2022-07-19T16:10:51+02:00,369000.0,Lublin,7687.5,floor_7,no,secondary,blok,48,three
191,768445471,2022-07-12T13:42:16+02:00,2022-07-19T15:48:34+02:00,382500.0,Lublin,8500,floor_3,no,secondary,blok,45,two
192,770198813,2022-07-20T22:57:15+02:00,2022-07-23T13:17:30+02:00,322000.0,Lublin,10637.59,floor_0,yes,secondary,apartamentowiec,30.27,one
193,764544292,2022-06-25T10:12:05+02:00,2022-07-22T12:16:13+02:00,524000.0,Lublin,10480,floor_4,yes,secondary,blok,50,three
194,731610120,2022-01-21T17:19:59+01:00,2022-07-11T08:06:25+02:00,385000.0,Lublin,8260.03,floor_0,no,primary,blok,46.61,two
195,770729962,2022-07-24T08:51:14+02:00,2022-07-24T08:53:20+02:00,599999.0,Lublin,11439.45,floor_5,yes,secondary,blok,52.45,two
196,766454304,2022-07-03T13:17:42+02:00,2022-07-17T13:32:26+02:00,415000.0,Lublin,7745.43,floor_1,no,primary,blok,53.58,three
197,764046725,2022-06-22T14:27:54+02:00,2022-07-22T21:56:22+02:00,525000.0,Lublin,10294.12,floor_1,yes,secondary,blok,51,three
198,769888196,2022-07-19T13:55:05+02:00,2022-07-19T13:57:11+02:00,560000.0,Lublin,9333.33,floor_6,yes,secondary,blok,60,four
199,759250710,2022-05-28T13:08:00+02:00,2022-07-22T15:20:37+02:00,330000.0,Lublin,7249.56,floor_0,no,secondary,blok,45.52,three
200,733564783,2022-01-29T21:30:25+01:00,2022-07-23T23:44:14+02:00,335000.0,Lublin,6442.31,floor_1,no,secondary,kamienica,52,two
201,770198813,2022-07-20T22:57:15+02:00,2022-07-23T13:17:30+02:00,322000.0,Lublin,10637.59,floor_0,yes,secondary,apartamentowiec,30.27,one
202,766802184,2022-07-05T10:14:03+02:00,2022-07-19T12:20:26+02:00,330000.0,Lublin,8461.54,floor_0,yes,secondary,blok,39,two
203,765437108,2022-06-28T08:59:22+02:00,2022-07-19T11:08:09+02:00,480000.0,Lublin,9393.35,floor_1,yes,secondary,blok,51.1,two
204,746524410,2022-03-28T13:22:02+02:00,2022-07-14T12:26:09+02:00,369000.0,Lublin,8581.4,floor_3,no,secondary,blok,43,two
205,731610120,2022-01-21T17:19:59+01:00,2022-07-11T08:06:25+02:00,385000.0,Lublin,8260.03,floor_0,no,primary,blok,46.61,two
206,761005539,2022-06-06T16:35:04+02:00,2022-07-24T14:32:15+02:00,320000.0,Lublin,8434.37,floor_0,no,secondary,blok,37.94,two
207,749834699,2022-04-11T11:22:01+02:00,2022-07-24T12:29:39+02:00,490000.0,Lublin,7971.37,floor_3,yes,secondary,blok,61.47,four
208,770576657,2022-07-23T07:24:13+02:00,2022-07-23T07:31:30+02:00,450000.0,Lublin,7537.69,floor_1,yes,secondary,blok,59.7,four
209,769763214,2022-07-18T20:20:27+02:00,2022-07-20T18:31:10+02:00,590000.0,Lublin,10651.74,floor_8,yes,secondary,apartamentowiec,55.39,two
210,670195840,2021-04-08T19:55:30+02:00,2022-07-19T09:42:20+02:00,398000.0,Lublin,6633.33,floor_3,yes,secondary,blok,60,three
211,766947452,2022-07-05T20:04:47+02:00,2022-07-20T12:36:05+02:00,430000.0,Lublin,8620.69,floor_2,no,secondary,blok,49.88,three
212,756469539,2022-05-14T22:16:39+02:00,2022-07-24T13:15:10+02:00,325000.0,Lublin,6993.76,floor_1,yes,secondary,blok,46.47,three
213,770669865,2022-07-23T17:10:10+02:00,2022-07-23T17:15:01+02:00,320000.0,Lublin,8350.73,floor_9,yes,secondary,blok,38.32,two
214,769795361,2022-07-18T23:12:10+02:00,2022-07-19T08:06:32+02:00,390000.0,Lublin,8379.89,floor_3,no,secondary,kamienica,46.54,one
215,769793281,2022-07-18T22:55:31+02:00,2022-07-19T08:01:23+02:00,520000.0,Lublin,7670.75,floor_4,no,secondary,kamienica,67.79,two
216,770198813,2022-07-20T22:57:15+02:00,2022-07-23T13:17:30+02:00,322000.0,Lublin,10637.59,floor_0,yes,secondary,apartamentowiec,30.27,one
217,731610120,2022-01-21T17:19:59+01:00,2022-07-11T08:06:25+02:00,385000.0,Lublin,8260.03,floor_0,no,primary,blok,46.61,two
218,762251034,2022-06-13T00:46:03+02:00,2022-07-19T00:32:52+02:00,630000.0,Lublin,8093.53,floor_2,yes,secondary,blok,77.84,three
219,735987301,2022-02-08T23:54:43+01:00,2022-07-18T23:24:53+02:00,339000.0,Lublin,6324.63,floor_3,no,secondary,blok,53.6,three
220,769784894,2022-07-18T22:04:23+02:00,2022-07-18T22:08:55+02:00,295000.0,Lublin,7225.08,floor_4,yes,secondary,blok,40.83,two
221,745300758,2022-03-22T23:55:10+01:00,2022-07-18T21:29:10+02:00,470000.0,Lublin,8020.48,floor_3,yes,secondary,blok,58.6,three
222,769775584,2022-07-18T21:17:12+02:00,2022-07-18T21:22:36+02:00,745000.0,Lublin,15456.43,floor_3,yes,secondary,apartamentowiec,48.2,two
223,768278584,2022-07-11T18:27:12+02:00,2022-07-18T20:36:22+02:00,329000.0,Lublin,10966.67,floor_5,yes,secondary,blok,30,one
224,761961384,2022-06-11T10:35:15+02:00,2022-07-18T19:29:03+02:00,409000.0,Lublin,8346.94,,yes,secondary,blok,49,three
225,672024474,2021-04-16T21:53:02+02:00,2022-07-22T21:20:16+02:00,680000.0,Lublin,8000,floor_4,yes,secondary,kamienica,85,three
226,761005539,2022-06-06T16:35:04+02:00,2022-07-24T14:32:15+02:00,320000.0,Lublin,8434.37,floor_0,no,secondary,blok,37.94,two
227,745022426,2022-03-21T20:40:06+01:00,2022-07-18T18:29:06+02:00,759000.0,Lublin,6776.79,floor_1,yes,secondary,blok,112,four
228,733564783,2022-01-29T21:30:25+01:00,2022-07-23T23:44:14+02:00,335000.0,Lublin,6442.31,floor_1,no,secondary,kamienica,52,two
229,770669865,2022-07-23T17:10:10+02:00,2022-07-23T17:15:01+02:00,320000.0,Lublin,8350.73,floor_9,yes,secondary,blok,38.32,two
230,757128801,2022-05-18T00:09:03+02:00,2022-07-24T11:32:24+02:00,380000.0,Lublin,7916.67,,yes,secondary,blok,48,three
231,766577340,2022-07-04T01:44:43+02:00,2022-07-18T15:34:12+02:00,399000.0,Lublin,8312.5,floor_0,yes,secondary,blok,48,three
232,769691299,2022-07-18T15:15:35+02:00,2022-07-18T15:19:46+02:00,329000.0,Lublin,5672.41,floor_3,no,secondary,blok,58,three
233,759661249,2022-05-30T13:46:49+02:00,2022-07-18T14:25:10+02:00,614000.0,Lublin,7009.13,floor_3,yes,secondary,blok,87.6,four
234,768399715,2022-07-12T11:08:41+02:00,2022-07-18T13:12:41+02:00,363500.0,Lublin,7270,floor_2,yes,secondary,blok,50,two
235,766454304,2022-07-03T13:17:42+02:00,2022-07-17T13:32:26+02:00,415000.0,Lublin,7745.43,floor_1,no,primary,blok,53.58,three
236,768363364,2022-07-12T07:31:33+02:00,2022-07-12T08:46:09+02:00,369000.0,Lublin,8413.13,floor_3,yes,primary,blok,43.86,two
237,770576657,2022-07-23T07:24:13+02:00,2022-07-23T07:31:30+02:00,450000.0,Lublin,7537.69,floor_1,yes,secondary,blok,59.7,four
238,719652980,2021-11-25T12:19:41+01:00,2022-07-18T11:58:10+02:00,399000.0,Lublin,7673.08,floor_4,yes,secondary,blok,52,two
239,740971336,2022-03-03T09:11:33+01:00,2022-07-18T11:56:13+02:00,428000.0,Lublin,8916.67,floor_9,yes,secondary,blok,48,three
240,744501317,2022-03-19T16:22:12+01:00,2022-07-23T14:44:32+02:00,339000.0,Lublin,8692.31,floor_7,no,secondary,blok,39,two
241,760735047,2022-06-05T10:55:44+02:00,2022-07-18T11:21:17+02:00,659000.0,Lublin,10983.33,floor_1,yes,secondary,blok,60,three
242,769612152,2022-07-18T10:12:11+02:00,2022-07-18T10:17:28+02:00,420000.0,Lublin,9971.51,floor_7,yes,secondary,blok,42.12,two
243,759250710,2022-05-28T13:08:00+02:00,2022-07-22T15:20:37+02:00,330000.0,Lublin,7249.56,floor_0,no,secondary,blok,45.52,three
244,756469539,2022-05-14T22:16:39+02:00,2022-07-24T13:15:10+02:00,325000.0,Lublin,6993.76,floor_1,yes,secondary,blok,46.47,three
245,770669865,2022-07-23T17:10:10+02:00,2022-07-23T17:15:01+02:00,320000.0,Lublin,8350.73,floor_9,yes,secondary,blok,38.32,two
246,769609224,2022-07-18T09:57:52+02:00,2022-07-18T10:03:02+02:00,450000.0,Lublin,3000,floor_0,yes,secondary,kamienica,150,one
247,751409322,2022-04-20T11:33:44+02:00,2022-07-16T04:34:09+02:00,365000.0,Lublin,8004.39,floor_3,no,secondary,blok,45.6,three
248,770198813,2022-07-20T22:57:15+02:00,2022-07-23T13:17:30+02:00,322000.0,Lublin,10637.59,floor_0,yes,secondary,apartamentowiec,30.27,one
249,757128801,2022-05-18T00:09:03+02:00,2022-07-24T11:32:24+02:00,380000.0,Lublin,7916.67,,yes,secondary,blok,48,three
250,761005539,2022-06-06T16:35:04+02:00,2022-07-24T14:32:15+02:00,320000.0,Lublin,8434.37,floor_0,no,secondary,blok,37.94,two
251,672024474,2021-04-16T21:53:02+02:00,2022-07-22T21:20:16+02:00,680000.0,Lublin,8000,floor_4,yes,secondary,kamienica,85,three
252,767728613,2022-07-09T11:39:37+02:00,2022-07-24T13:52:20+02:00,1800000.0,Lublin,12000,floor_3,yes,secondary,blok,150,four
253,769595625,2022-07-18T08:49:02+02:00,2022-07-18T08:54:45+02:00,404960.0,Lublin,8000,floor_0,yes,secondary,pozostale,50.62,two
254,756225010,2022-05-13T15:20:01+02:00,2022-07-18T08:49:27+02:00,289000.0,Lublin,7605.26,floor_1,yes,secondary,kamienica,38,two
255,769592848,2022-07-18T08:32:42+02:00,2022-07-18T08:34:51+02:00,405000.0,Lublin,5547.95,floor_0,no,secondary,blok,73,three
256,748577614,2022-04-05T16:23:34+02:00,2022-07-17T22:43:49+02:00,429000.0,Lublin,8755.1,floor_1,yes,secondary,blok,49,two
257,769568585,2022-07-17T21:59:20+02:00,2022-07-17T22:05:06+02:00,471420.0,Lublin,8100,floor_4,no,secondary,blok,58.2,three
258,769562091,2022-07-17T21:24:16+02:00,2022-07-17T21:32:03+02:00,330000.0,Lublin,10216.72,floor_2,yes,secondary,blok,32.3,two
259,759250710,2022-05-28T13:08:00+02:00,2022-07-22T15:20:37+02:00,330000.0,Lublin,7249.56,floor_0,no,secondary,blok,45.52,three
260,764046725,2022-06-22T14:27:54+02:00,2022-07-22T21:56:22+02:00,525000.0,Lublin,10294.12,floor_1,yes,secondary,blok,51,three
261,770669865,2022-07-23T17:10:10+02:00,2022-07-23T17:15:01+02:00,320000.0,Lublin,8350.73,floor_9,yes,secondary,blok,38.32,two
262,769553211,2022-07-17T20:40:46+02:00,2022-07-17T20:42:53+02:00,520000.0,Lublin,9857.82,floor_3,yes,secondary,blok,52.75,two
263,769543994,2022-07-17T19:57:59+02:00,2022-07-17T20:00:04+02:00,499000.0,Lublin,7996.79,floor_1,yes,secondary,blok,62.4,three
264,764782553,2022-06-26T19:02:34+02:00,2022-07-17T18:26:48+02:00,429000.0,Lublin,9326.09,floor_4,yes,secondary,blok,46,three
265,726917953,2021-12-30T21:10:55+01:00,2022-07-17T18:15:20+02:00,465000.0,Lublin,9207.92,floor_3,no,secondary,blok,50.5,three
266,769517753,2022-07-17T17:58:17+02:00,2022-07-17T18:08:26+02:00,430000.0,Lublin,8775.51,floor_4,yes,secondary,blok,49,three
267,769516784,2022-07-17T17:53:46+02:00,2022-07-17T17:59:39+02:00,455000.0,Lublin,11375,floor_1,yes,secondary,blok,40,two
268,769389328,2022-07-16T22:39:59+02:00,2022-07-17T16:09:18+02:00,489000.0,Lublin,7025.86,floor_2,yes,secondary,blok,69.6,four
269,768363364,2022-07-12T07:31:33+02:00,2022-07-12T08:46:09+02:00,369000.0,Lublin,8413.13,floor_3,yes,primary,blok,43.86,two
270,756469539,2022-05-14T22:16:39+02:00,2022-07-24T13:15:10+02:00,325000.0,Lublin,6993.76,floor_1,yes,secondary,blok,46.47,three
271,768191424,2022-07-11T13:49:07+02:00,2022-07-17T15:52:29+02:00,433000.0,Lublin,8513.57,floor_0,no,primary,blok,50.86,three
272,769462108,2022-07-17T13:44:18+02:00,2022-07-17T13:52:54+02:00,430000.0,Lublin,8600,floor_4,yes,secondary,blok,50,two
273,769763214,2022-07-18T20:20:27+02:00,2022-07-20T18:31:10+02:00,590000.0,Lublin,10651.74,floor_8,yes,secondary,apartamentowiec,55.39,two
274,672024474,2021-04-16T21:53:02+02:00,2022-07-22T21:20:16+02:00,680000.0,Lublin,8000,floor_4,yes,secondary,kamienica,85,three
275,766454304,2022-07-03T13:17:42+02:00,2022-07-17T13:32:26+02:00,415000.0,Lublin,7745.43,floor_1,no,primary,blok,53.58,three
276,766532104,2022-07-03T19:35:11+02:00,2022-07-17T13:00:33+02:00,649000.0,Lublin,8829.93,floor_1,yes,secondary,blok,73.5,four
277,706800462,2021-10-04T12:09:55+02:00,2022-07-17T12:59:05+02:00,449000.0,Lublin,6414.29,floor_1,no,secondary,pozostale,70,three
278,746524410,2022-03-28T13:22:02+02:00,2022-07-14T12:26:09+02:00,369000.0,Lublin,8581.4,floor_3,no,secondary,blok,43,two
279,770198813,2022-07-20T22:57:15+02:00,2022-07-23T13:17:30+02:00,322000.0,Lublin,10637.59,floor_0,yes,secondary,apartamentowiec,30.27,one
280,767743928,2022-07-09T12:45:10+02:00,2022-07-23T08:42:28+02:00,289000.0,Lublin,9031.25,floor_0,yes,secondary,blok,32,two
281,758563599,2022-05-24T20:20:55+02:00,2022-07-17T12:21:32+02:00,428000.0,Lublin,7133.33,floor_4,yes,secondary,blok,60,three
282,768489814,2022-07-12T16:10:12+02:00,2022-07-17T12:02:12+02:00,343000.0,Lublin,9694.74,floor_3,yes,secondary,blok,35.38,two
283,735288660,2022-02-06T11:12:14+01:00,2022-07-17T10:12:21+02:00,479000.0,Lublin,7956.81,floor_4,no,secondary,blok,60.2,three
284,733564783,2022-01-29T21:30:25+01:00,2022-07-23T23:44:14+02:00,335000.0,Lublin,6442.31,floor_1,no,secondary,kamienica,52,two
285,769763214,2022-07-18T20:20:27+02:00,2022-07-20T18:31:10+02:00,590000.0,Lublin,10651.74,floor_8,yes,secondary,apartamentowiec,55.39,two
286,751409322,2022-04-20T11:33:44+02:00,2022-07-16T04:34:09+02:00,365000.0,Lublin,8004.39,floor_3,no,secondary,blok,45.6,three
287,770576657,2022-07-23T07:24:13+02:00,2022-07-23T07:31:30+02:00,450000.0,Lublin,7537.69,floor_1,yes,secondary,blok,59.7,four
288,751293118,2022-04-19T18:35:04+02:00,2022-07-17T09:16:27+02:00,319000.0,Lublin,8416.89,floor_0,yes,secondary,blok,37.9,two
289,759902020,2022-05-31T15:43:54+02:00,2022-07-16T21:30:59+02:00,560000.0,Lublin,8960,floor_0,no,secondary,blok,62.5,three
290,762092890,2022-06-12T09:27:09+02:00,2022-07-16T20:42:23+02:00,459000.0,Lublin,9562.5,floor_1,yes,secondary,blok,48,three
291,767743928,2022-07-09T12:45:10+02:00,2022-07-23T08:42:28+02:00,289000.0,Lublin,9031.25,floor_0,yes,secondary,blok,32,two
292,756225010,2022-05-13T15:20:01+02:00,2022-07-18T08:49:27+02:00,289000.0,Lublin,7605.26,floor_1,yes,secondary,kamienica,38,two
293,749834699,2022-04-11T11:22:01+02:00,2022-07-24T12:29:39+02:00,490000.0,Lublin,7971.37,floor_3,yes,secondary,blok,61.47,four
294,762550030,2022-06-14T14:10:10+02:00,2022-07-16T16:41:39+02:00,299000.0,Lublin,9492.06,floor_0,yes,secondary,blok,31.5,one
295,769316184,2022-07-16T15:37:02+02:00,2022-07-16T15:44:52+02:00,495000.0,Lublin,7994.19,floor_1,yes,secondary,blok,61.92,three
296,767728613,2022-07-09T11:39:37+02:00,2022-07-24T13:52:20+02:00,1800000.0,Lublin,12000,floor_3,yes,secondary,blok,150,four
297,724763899,2021-12-17T14:26:11+01:00,2022-07-24T15:12:26+02:00,799000.0,Lublin,5435.37,floor_4,yes,secondary,blok,147,four
298,770198813,2022-07-20T22:57:15+02:00,2022-07-23T13:17:30+02:00,322000.0,Lublin,10637.59,floor_0,yes,secondary,apartamentowiec,30.27,one
299,766080687,2022-07-01T08:40:22+02:00,2022-07-16T14:48:59+02:00,350000.0,Lublin,10174.42,floor_10,yes,secondary,blok,34.4,two
300,762262697,2022-06-13T08:57:34+02:00,2022-07-16T14:04:03+02:00,415000.0,Lublin,8615.32,floor_4,yes,secondary,blok,48.17,two
301,765660710,2022-06-29T08:47:44+02:00,2022-07-16T11:29:25+02:00,480000.0,Lublin,8135.59,floor_2,yes,secondary,blok,59,three
302,744501317,2022-03-19T16:22:12+01:00,2022-07-23T14:44:32+02:00,339000.0,Lublin,8692.31,floor_7,no,secondary,blok,39,two
303,764544292,2022-06-25T10:12:05+02:00,2022-07-22T12:16:13+02:00,524000.0,Lublin,10480,floor_4,yes,secondary,blok,50,three
304,766454304,2022-07-03T13:17:42+02:00,2022-07-17T13:32:26+02:00,415000.0,Lublin,7745.43,floor_1,no,primary,blok,53.58,three
305,686759609,2021-07-04T11:49:35+02:00,2022-07-16T09:53:41+02:00,430000.0,Lublin,10750,floor_4,yes,secondary,blok,40,two
306,765994471,2022-06-30T16:49:21+02:00,2022-07-16T09:42:16+02:00,324500.0,Lublin,8432.95,floor_0,no,primary,blok,38.48,two
307,768069694,2022-07-10T21:33:12+02:00,2022-07-23T12:07:43+02:00,640000.0,Lublin,8938.55,floor_1,yes,secondary,blok,71.6,three
308,770669865,2022-07-23T17:10:10+02:00,2022-07-23T17:15:01+02:00,320000.0,Lublin,8350.73,floor_9,yes,secondary,blok,38.32,two
309,748381318,2022-04-04T19:22:07+02:00,2022-07-16T08:29:12+02:00,446000.0,Lublin,8973.84,floor_1,no,secondary,blok,49.7,two
310,751409322,2022-04-20T11:33:44+02:00,2022-07-16T04:34:09+02:00,365000.0,Lublin,8004.39,floor_3,no,secondary,blok,45.6,three
311,756225010,2022-05-13T15:20:01+02:00,2022-07-18T08:49:27+02:00,289000.0,Lublin,7605.26,floor_1,yes,secondary,kamienica,38,two
312,759250710,2022-05-28T13:08:00+02:00,2022-07-22T15:20:37+02:00,330000.0,Lublin,7249.56,floor_0,no,secondary,blok,45.52,three
313,761005539,2022-06-06T16:35:04+02:00,2022-07-24T14:32:15+02:00,320000.0,Lublin,8434.37,floor_0,no,secondary,blok,37.94,two
314,769176315,2022-07-15T18:56:13+02:00,2022-07-15T19:01:48+02:00,500000.0,Lublin,8670.02,floor_5,no,secondary,blok,57.67,four
315,769144551,2022-07-15T16:26:00+02:00,2022-07-15T16:31:02+02:00,410000.0,Lublin,8200,floor_4,yes,secondary,blok,50,two
316,765493293,2022-06-28T13:01:46+02:00,2022-07-15T16:05:31+02:00,499000.0,Lublin,8573.88,floor_2,no,secondary,blok,58.2,three
317,769763214,2022-07-18T20:20:27+02:00,2022-07-20T18:31:10+02:00,590000.0,Lublin,10651.74,floor_8,yes,secondary,apartamentowiec,55.39,two
318,770729962,2022-07-24T08:51:14+02:00,2022-07-24T08:53:20+02:00,599999.0,Lublin,11439.45,floor_5,yes,secondary,blok,52.45,two
319,764046725,2022-06-22T14:27:54+02:00,2022-07-22T21:56:22+02:00,525000.0,Lublin,10294.12,floor_1,yes,secondary,blok,51,three
320,731610120,2022-01-21T17:19:59+01:00,2022-07-11T08:06:25+02:00,385000.0,Lublin,8260.03,floor_0,no,primary,blok,46.61,two
321,769018869,2022-07-14T23:50:19+02:00,2022-07-15T13:07:38+02:00,271000.0,Lublin,9661.32,floor_2,no,secondary,kamienica,28.05,one
322,769058268,2022-07-15T10:49:02+02:00,2022-07-15T10:54:29+02:00,465000.0,Lublin,7500,floor_0,no,secondary,blok,62,three
323,769019646,2022-07-15T00:02:11+02:00,2022-07-15T10:44:02+02:00,250000.0,Lublin,9964.13,floor_2,no,secondary,kamienica,25.09,one
324,769016342,2022-07-14T23:23:21+02:00,2022-07-15T10:43:08+02:00,290000.0,Lublin,9394.23,floor_0,no,secondary,kamienica,30.87,two
325,749834699,2022-04-11T11:22:01+02:00,2022-07-24T12:29:39+02:00,490000.0,Lublin,7971.37,floor_3,yes,secondary,blok,61.47,four
326,724763899,2021-12-17T14:26:11+01:00,2022-07-24T15:12:26+02:00,799000.0,Lublin,5435.37,floor_4,yes,secondary,blok,147,four
327,770729962,2022-07-24T08:51:14+02:00,2022-07-24T08:53:20+02:00,599999.0,Lublin,11439.45,floor_5,yes,secondary,blok,52.45,two
328,769516784,2022-07-17T17:53:46+02:00,2022-07-17T17:59:39+02:00,455000.0,Lublin,11375,floor_1,yes,secondary,blok,40,two
329,767743928,2022-07-09T12:45:10+02:00,2022-07-23T08:42:28+02:00,289000.0,Lublin,9031.25,floor_0,yes,secondary,blok,32,two
330,764046725,2022-06-22T14:27:54+02:00,2022-07-22T21:56:22+02:00,525000.0,Lublin,10294.12,floor_1,yes,secondary,blok,51,three
331,744501317,2022-03-19T16:22:12+01:00,2022-07-23T14:44:32+02:00,339000.0,Lublin,8692.31,floor_7,no,secondary,blok,39,two
332,751409322,2022-04-20T11:33:44+02:00,2022-07-16T04:34:09+02:00,365000.0,Lublin,8004.39,floor_3,no,secondary,blok,45.6,three
333,756225010,2022-05-13T15:20:01+02:00,2022-07-18T08:49:27+02:00,289000.0,Lublin,7605.26,floor_1,yes,secondary,kamienica,38,two
334,740082765,2022-02-26T20:02:03+01:00,2022-07-15T09:38:31+02:00,395000.0,Lublin,14629.63,floor_2,yes,secondary,blok,27,one
335,770729962,2022-07-24T08:51:14+02:00,2022-07-24T08:53:20+02:00,599999.0,Lublin,11439.45,floor_5,yes,secondary,blok,52.45,two
336,733564783,2022-01-29T21:30:25+01:00,2022-07-23T23:44:14+02:00,335000.0,Lublin,6442.31,floor_1,no,secondary,kamienica,52,two
337,761005539,2022-06-06T16:35:04+02:00,2022-07-24T14:32:15+02:00,320000.0,Lublin,8434.37,floor_0,no,secondary,blok,37.94,two
338,767743928,2022-07-09T12:45:10+02:00,2022-07-23T08:42:28+02:00,289000.0,Lublin,9031.25,floor_0,yes,secondary,blok,32,two
339,769516784,2022-07-17T17:53:46+02:00,2022-07-17T17:59:39+02:00,455000.0,Lublin,11375,floor_1,yes,secondary,blok,40,two
340,769020342,2022-07-15T00:14:47+02:00,2022-07-15T08:54:50+02:00,320000.0,Lublin,8764.72,floor_3,no,secondary,kamienica,36.51,two
341,769019311,2022-07-14T23:57:03+02:00,2022-07-15T08:53:26+02:00,264000.0,Lublin,9659.71,floor_2,no,secondary,kamienica,27.33,one
342,769013624,2022-07-14T22:59:50+02:00,2022-07-15T08:43:02+02:00,264000.0,Lublin,9635.04,floor_3,no,secondary,kamienica,27.4,two
343,768994509,2022-07-14T21:05:08+02:00,2022-07-14T21:12:06+02:00,530000.0,Lublin,9758.79,floor_2,yes,secondary,blok,54.31,three
344,767728613,2022-07-09T11:39:37+02:00,2022-07-24T13:52:20+02:00,1800000.0,Lublin,12000,floor_3,yes,secondary,blok,150,four
345,768069694,2022-07-10T21:33:12+02:00,2022-07-23T12:07:43+02:00,640000.0,Lublin,8938.55,floor_1,yes,secondary,blok,71.6,three
346,768363364,2022-07-12T07:31:33+02:00,2022-07-12T08:46:09+02:00,369000.0,Lublin,8413.13,floor_3,yes,primary,blok,43.86,two
347,756576710,2022-05-15T15:30:51+02:00,2022-07-14T18:38:49+02:00,450000.0,Lublin,8823.53,floor_2,yes,secondary,blok,51,two
348,766454304,2022-07-03T13:17:42+02:00,2022-07-17T13:32:26+02:00,415000.0,Lublin,7745.43,floor_1,no,primary,blok,53.58,three
349,764046725,2022-06-22T14:27:54+02:00,2022-07-22T21:56:22+02:00,525000.0,Lublin,10294.12,floor_1,yes,secondary,blok,51,three
350,672024474,2021-04-16T21:53:02+02:00,2022-07-22T21:20:16+02:00,680000.0,Lublin,8000,floor_4,yes,secondary,kamienica,85,three
351,768833166,2022-07-14T09:43:16+02:00,2022-07-14T13:51:37+02:00,459000.0,Lublin,9562.5,floor_5,yes,secondary,blok,48,three
352,768579580,2022-07-12T22:17:45+02:00,2022-07-14T12:58:57+02:00,425000.0,Lublin,8673.47,floor_0,no,secondary,blok,49,three
353,746524410,2022-03-28T13:22:02+02:00,2022-07-14T12:26:09+02:00,369000.0,Lublin,8581.4,floor_3,no,secondary,blok,43,two
354,755511710,2022-05-10T10:22:30+02:00,2022-07-14T10:48:25+02:00,289000.0,Lublin,9019.98,floor_0,yes,secondary,blok,32.04,two
355,759250710,2022-05-28T13:08:00+02:00,2022-07-22T15:20:37+02:00,330000.0,Lublin,7249.56,floor_0,no,secondary,blok,45.52,three
356,769763214,2022-07-18T20:20:27+02:00,2022-07-20T18:31:10+02:00,590000.0,Lublin,10651.74,floor_8,yes,secondary,apartamentowiec,55.39,two
357,751409322,2022-04-20T11:33:44+02:00,2022-07-16T04:34:09+02:00,365000.0,Lublin,8004.39,floor_3,no,secondary,blok,45.6,three
358,768069694,2022-07-10T21:33:12+02:00,2022-07-23T12:07:43+02:00,640000.0,Lublin,8938.55,floor_1,yes,secondary,blok,71.6,three
359,768834448,2022-07-14T09:49:57+02:00,2022-07-14T09:55:08+02:00,260000.0,Lublin,8125,floor_2,yes,secondary,blok,32,two
360,768363364,2022-07-12T07:31:33+02:00,2022-07-12T08:46:09+02:00,369000.0,Lublin,8413.13,floor_3,yes,primary,blok,43.86,two
361,770729962,2022-07-24T08:51:14+02:00,2022-07-24T08:53:20+02:00,599999.0,Lublin,11439.45,floor_5,yes,secondary,blok,52.45,two
362,769516784,2022-07-17T17:53:46+02:00,2022-07-17T17:59:39+02:00,455000.0,Lublin,11375,floor_1,yes,secondary,blok,40,two
363,768785647,2022-07-13T21:14:38+02:00,2022-07-13T21:30:10+02:00,515000.0,Lublin,10279.44,floor_0,no,secondary,blok,50.1,two
364,749834699,2022-04-11T11:22:01+02:00,2022-07-24T12:29:39+02:00,490000.0,Lublin,7971.37,floor_3,yes,secondary,blok,61.47,four
365,756469539,2022-05-14T22:16:39+02:00,2022-07-24T13:15:10+02:00,325000.0,Lublin,6993.76,floor_1,yes,secondary,blok,46.47,three
366,761005539,2022-06-06T16:35:04+02:00,2022-07-24T14:32:15+02:00,320000.0,Lublin,8434.37,floor_0,no,secondary,blok,37.94,two
367,762697264,2022-06-15T10:51:28+02:00,2022-07-13T19:59:43+02:00,345000.0,Lublin,9017.25,floor_8,yes,secondary,blok,38.26,two
368,764471864,2022-06-24T18:25:23+02:00,2022-07-13T19:32:09+02:00,415000.0,Lublin,7904.76,floor_3,yes,secondary,blok,52.5,three
369,768761531,2022-07-13T19:17:33+02:00,2022-07-13T19:26:22+02:00,380000.0,Lublin,8695.65,floor_4,yes,secondary,blok,43.7,two
370,768760966,2022-07-13T19:14:44+02:00,2022-07-13T19:16:55+02:00,660000.0,Lublin,8555.87,floor_0,yes,secondary,blok,77.14,three
371,768753076,2022-07-13T18:36:22+02:00,2022-07-13T18:38:28+02:00,385900.0,Lublin,8479.46,floor_0,no,secondary,blok,45.51,three
372,768742542,2022-07-13T17:46:18+02:00,2022-07-13T17:48:23+02:00,690000.0,Lublin,5798.32,floor_1,no,primary,pozostale,119,four
373,768741304,2022-07-13T17:40:25+02:00,2022-07-13T17:42:32+02:00,750000.0,Lublin,9433.96,floor_0,yes,secondary,blok,79.5,four
374,751815822,2022-04-21T22:47:13+02:00,2022-07-13T15:21:10+02:00,392000.0,Lublin,8166.67,floor_10,yes,secondary,pozostale,48,three
375,764046725,2022-06-22T14:27:54+02:00,2022-07-22T21:56:22+02:00,525000.0,Lublin,10294.12,floor_1,yes,secondary,blok,51,three
376,767728613,2022-07-09T11:39:37+02:00,2022-07-24T13:52:20+02:00,1800000.0,Lublin,12000,floor_3,yes,secondary,blok,150,four
377,677589434,2021-05-13T19:15:27+02:00,2022-07-13T14:33:23+02:00,370000.0,Lublin,9250,floor_3,no,secondary,blok,40,two
378,768057334,2022-07-10T20:39:03+02:00,2022-07-13T13:38:52+02:00,280000.0,Lublin,10769.23,floor_2,yes,secondary,blok,26,one
379,770729962,2022-07-24T08:51:14+02:00,2022-07-24T08:53:20+02:00,599999.0,Lublin,11439.45,floor_5,yes,secondary,blok,52.45,two
380,672024474,2021-04-16T21:53:02+02:00,2022-07-22T21:20:16+02:00,680000.0,Lublin,8000,floor_4,yes,secondary,kamienica,85,three
381,733564783,2022-01-29T21:30:25+01:00,2022-07-23T23:44:14+02:00,335000.0,Lublin,6442.31,floor_1,no,secondary,kamienica,52,two
382,768667455,2022-07-13T12:47:43+02:00,2022-07-13T12:49:47+02:00,428000.0,Lublin,8935.28,floor_3,yes,secondary,blok,47.9,three
383,751409322,2022-04-20T11:33:44+02:00,2022-07-16T04:34:09+02:00,365000.0,Lublin,8004.39,floor_3,no,secondary,blok,45.6,three
384,769763214,2022-07-18T20:20:27+02:00,2022-07-20T18:31:10+02:00,590000.0,Lublin,10651.74,floor_8,yes,secondary,apartamentowiec,55.39,two
385,750305314,2022-04-13T13:59:23+02:00,2022-07-13T12:24:57+02:00,483360.0,Lublin,7600,floor_2,no,primary,blok,63.6,three
386,755080730,2022-05-08T13:00:47+02:00,2022-07-13T12:23:36+02:00,450000.0,Lublin,7807.08,floor_3,yes,secondary,blok,57.64,three
387,766604942,2022-07-04T10:37:35+02:00,2022-07-13T12:11:12+02:00,430000.0,Lublin,9129.51,floor_6,no,secondary,blok,47.1,two
388,744501317,2022-03-19T16:22:12+01:00,2022-07-23T14:44:32+02:00,339000.0,Lublin,8692.31,floor_7,no,secondary,blok,39,two
389,770669865,2022-07-23T17:10:10+02:00,2022-07-23T17:15:01+02:00,320000.0,Lublin,8350.73,floor_9,yes,secondary,blok,38.32,two
390,746524410,2022-03-28T13:22:02+02:00,2022-07-14T12:26:09+02:00,369000.0,Lublin,8581.4,floor_3,no,secondary,blok,43,two
